id,first_name,last_name,email,gender,created_at,language,office,division,progress,is_admin
1,Gweneth,Jahner,gjahner0@disqus.com,Female,1/20/2017,English,Maayong Tubig,Engineering,,false
2,Raeann,Folley,rfolley1@1688.com,Female,8/6/2018,English,Gaïtánion,Legal,,false
3,Ursa,Rathbone,urathbone2@google.com,Female,4/7/2018,German,Laguna Limpia,Services,,false
4,Aluino,Metham,ametham3@netlog.com,Male,5/17/2019,English,Khiv,Human Resources,0.91,false
5,Horatia,McCosker,hmccosker4@skype.com,Female,3/21/2016,Swedish,Yangdian,Business Development,,false
6,Ashlin,McSweeney,amcsweeney5@rakuten.co.jp,Male,12/9/2018,Swedish,Kamen’-na-Obi,Support,0.37,false
7,Vito,Hiddsley,vhiddsley6@si.edu,Male,9/12/2016,German,Wangchuanchang,Business Development,0.68,false
8,Cheston,Robinson,crobinson7@phoca.cz,Male,7/9/2018,English,Qarah Bāgh Bāzār,Research and Development,0.19,false
9,Wilt,Iffe,wiffe8@wikia.com,Male,7/6/2018,English,Lysekil,Training,,false
10,Zora,Rushforth,zrushforth9@wordpress.com,Female,8/26/2018,German,Rogóźno,Product Management,0.49,false
11,Margaretha,Fagge,mfaggea@ucsd.edu,Female,10/6/2016,English,Puerto Natales,Accounting,0.47,false
12,Michal,Normandale,mnormandaleb@google.ru,Female,4/10/2018,English,Jardoeira,Support,0.96,false
13,Addy,Glanester,aglanesterc@elegantthemes.com,Female,6/14/2019,Swedish,Fuyong,Accounting,,false
14,Goldie,Mays,gmaysd@apple.com,Female,3/31/2018,German,Laval,Training,,false
15,Elihu,Farrants,efarrantse@woothemes.com,Male,10/17/2016,English,Xiniu,Business Development,0.47,false
16,Diane-marie,Tate,dtatef@nba.com,Female,1/20/2018,English,Vale,Legal,,false
17,Sigfried,Breheny,sbrehenyg@amazon.com,Male,12/28/2017,Swedish,Seren,Engineering,0.12,false
18,Ross,Perotti,rperottih@geocities.com,Male,3/3/2017,English,Tsushima,Marketing,,false
19,Ardella,Hurrion,ahurrioni@squarespace.com,Female,5/16/2018,Swedish,Grängesberg,Business Development,0.39,false
20,Cristobal,Cooper,ccooperj@livejournal.com,Male,3/25/2018,Swedish,Proletar,Training,0.26,false
21,Ida,Rixon,irixonk@angelfire.com,Female,10/27/2017,German,Kuhmalahti,Research and Development,,false
22,Odey,Dugdale,odugdalel@google.co.uk,Male,11/17/2017,Swedish,Yongding,Engineering,0.19,false
23,Sherilyn,Stovine,sstovinem@msu.edu,Female,5/1/2018,German,Dawan,Accounting,0.66,false
24,Cordelie,Horche,chorchen@godaddy.com,Female,11/28/2017,Swedish,Cherëmushki,Services,,false
25,Nathalia,Roseblade,nrosebladeo@eventbrite.com,Female,1/7/2017,German,Shilovo,Marketing,0.06,false
26,Liz,Matchett,lmatchettp@seesaa.net,Female,7/7/2019,Swedish,Xuebu,Accounting,,false
27,Wilden,Lehr,wlehrq@psu.edu,Male,10/29/2017,German,Ilagan,Legal,0.96,false
28,Pauletta,Hollibone,pholliboner@simplemachines.org,Female,9/26/2017,English,Socota,Product Management,,false
29,Amble,Perchard,aperchards@mit.edu,Male,3/12/2016,Swedish,Naru,Training,0.7,false
30,Adela,Budik,abudikt@flavors.me,Female,5/18/2017,German,Rockford,Product Management,0.71,false
31,Dwain,Davidovicz,ddavidoviczu@ftc.gov,Male,8/9/2017,Swedish,Dalam,Human Resources,0.31,false
32,Vergil,Dorwood,vdorwoodv@elegantthemes.com,Male,7/13/2016,Swedish,Kanália,Legal,,false
33,Corbet,Pasticznyk,cpasticznykw@newsvine.com,Male,7/24/2016,English,La Sebala du Mornag,Services,,false
34,Sosanna,Parfrey,sparfreyx@hhs.gov,Female,1/3/2018,Swedish,Sinarwangi,Legal,,false
35,Iris,Swatridge,iswatridgey@economist.com,Female,7/31/2016,English,Pingxiang,Accounting,,false
36,Gun,Mountcastle,gmountcastlez@blogs.com,Male,1/10/2019,English,Batang,Engineering,,false
37,Tracie,Hardwidge,thardwidge10@aboutads.info,Male,2/20/2018,German,Katipunan,Research and Development,0.2,false
38,Angel,Lerwill,alerwill11@mozilla.org,Male,4/1/2018,Swedish,Liběšice,Research and Development,0.62,false
39,Radcliffe,Nurny,rnurny12@unesco.org,Male,6/20/2017,English,Voskehask,Product Management,0.23,false
40,Allyson,Zanolli,azanolli13@imageshack.us,Female,2/23/2019,English,Santa Bernardina,Accounting,0.58,false
41,Elayne,Veldman,eveldman14@businessweek.com,Female,3/10/2017,Swedish,Moya,Business Development,,false
42,Teddi,Dymick,tdymick15@nydailynews.com,Female,11/24/2017,Swedish,Minh Long,Research and Development,,false
43,Felicdad,Royse,froyse16@mit.edu,Female,12/11/2016,German,Mossel Bay,Sales,,false
44,De witt,Ledeker,dledeker17@networksolutions.com,Male,2/2/2017,Swedish,Pyatigorskiy,Product Management,,false
45,Floyd,Jahnig,fjahnig18@i2i.jp,Male,4/13/2017,German,La Laja,Legal,0.68,false
46,Giorgio,Farnon,gfarnon19@microsoft.com,Male,7/1/2017,German,Tawaran,Accounting,,false
47,Daren,Penhaligon,dpenhaligon1a@pcworld.com,Male,6/8/2019,English,Gastello,Services,0.84,false
48,Aloin,Tibalt,atibalt1b@quantcast.com,Male,2/10/2017,English,Le Lamentin,Accounting,0.68,false
49,Bord,Adamides,badamides1c@nymag.com,Male,12/24/2016,Swedish,Chikushino-shi,Research and Development,0.92,false
50,Cirillo,Bridywater,cbridywater1d@jalbum.net,Male,1/19/2017,English,Pingdingshan,Marketing,,false
51,Saxon,Halesworth,shalesworth1e@youtube.com,Male,5/3/2017,Swedish,Padangcermin,Training,,false
52,Eloise,Buddington,ebuddington1f@ca.gov,Female,2/9/2018,English,Quintão,Product Management,,false
53,Craig,Summerley,csummerley1g@nationalgeographic.com,Male,11/20/2017,English,Seke,Support,0.46,false
54,Glenna,Romaynes,gromaynes1h@chicagotribune.com,Female,10/27/2017,Swedish,Berat,Services,,false
55,Job,Harper,jharper1i@hexun.com,Male,6/14/2018,English,Dallas,Support,0.42,false
56,Ode,Keese,okeese1j@uiuc.edu,Male,6/14/2017,German,Tsaghkadzor,Research and Development,0.36,false
57,Lelia,Dobbins,ldobbins1k@slate.com,Female,6/19/2016,Swedish,Volzhskiy,Marketing,,false
58,Dosi,Whelan,dwhelan1l@mail.ru,Female,8/12/2019,Swedish,Jingzi,Product Management,0.8,false
59,Roger,Pestor,rpestor1m@cnet.com,Male,3/28/2016,Swedish,Stari Grad,Training,,false
60,Yvon,Marchiso,ymarchiso1n@gizmodo.com,Male,1/25/2018,English,Mūḩ Ḩasan,Human Resources,,false
61,Carlynne,Fugere,cfugere1o@bravesites.com,Female,5/30/2017,German,Lučina,Training,0.68,false
62,Alanah,Harker,aharker1p@loc.gov,Female,12/18/2016,German,Pemex,Product Management,0.96,false
63,Cass,Callum,ccallum1q@slashdot.org,Female,12/20/2016,German,Kaligutan,Services,,false
64,Koressa,Mereweather,kmereweather1r@uol.com.br,Female,6/19/2017,German,Əhmədbəyli,Training,,false
65,Annnora,Klyn,aklyn1s@samsung.com,Female,2/2/2016,English,Kalmar,Legal,0.15,false
66,Renault,Dundridge,rdundridge1t@about.me,Male,9/8/2016,Swedish,Lang,Support,,false
67,Bertrando,Sunnex,bsunnex1u@ow.ly,Male,8/29/2017,German,Épinal,Research and Development,,false
68,Hortensia,Gurnell,hgurnell1v@biblegateway.com,Female,7/23/2018,English,Dake,Sales,,false
69,Urbano,Larcier,ularcier1w@ucsd.edu,Male,6/28/2019,Swedish,San Isidro de Lules,Services,,false
70,Blake,Ricardou,bricardou1x@ask.com,Male,9/19/2017,English,Dongobesh,Marketing,,false
71,Grier,Blades,gblades1y@github.io,Female,4/10/2017,Swedish,Alupay,Services,0.41,false
72,Olin,Clutten,oclutten1z@ameblo.jp,Male,5/8/2018,German,Firavitoba,Accounting,,false
73,Alley,Kettridge,akettridge20@mashable.com,Male,5/21/2016,English,Tuusniemi,Research and Development,0.24,false
74,Erin,Delgardo,edelgardo21@psu.edu,Male,3/16/2017,English,Malinovskiy,Business Development,,false
75,Julissa,Spillman,jspillman22@wsj.com,Female,8/24/2019,English,Ovsyanka,Marketing,0.22,false
76,Ashia,Macci,amacci23@prnewswire.com,Female,5/27/2019,English,Velikiy Novgorod,Training,,false
77,Trix,Bohje,tbohje24@baidu.com,Female,2/7/2019,English,Amizmiz,Services,,false
78,Benedetta,Glazier,bglazier25@google.nl,Female,7/24/2017,English,Vạn Giã,Accounting,0.08,false
79,Georgetta,Wildsmith,gwildsmith26@oaic.gov.au,Female,6/3/2017,Swedish,Zongzhai,Human Resources,,false
80,Myrle,Tipler,mtipler27@whitehouse.gov,Female,3/18/2019,English,Bunirasa,Accounting,0.27,false
81,Adriane,Amar,aamar28@aboutads.info,Female,6/4/2017,German,Huaguo,Support,0.84,false
82,Garwin,Loughney,gloughney29@plala.or.jp,Male,12/26/2018,German,Galitsy,Training,0.88,false
83,Hildegarde,Ridehalgh,hridehalgh2a@washingtonpost.com,Female,1/10/2019,Swedish,Náchod,Support,,false
84,Bernice,Monteith,bmonteith2b@ft.com,Female,5/13/2017,German,Pueblo Nuevo,Human Resources,,false
85,Lorita,McPhee,lmcphee2c@squarespace.com,Female,8/28/2018,English,Anau,Business Development,0.99,false
86,Ellen,Djokic,edjokic2d@booking.com,Female,5/10/2019,English,Xinjian,Sales,0.49,false
87,Mickie,McLeese,mmcleese2e@w3.org,Male,11/14/2017,Swedish,Buriti Bravo,Support,0.56,false
88,Flynn,Camosso,fcamosso2f@drupal.org,Male,1/22/2016,English,Bator,Product Management,0.98,false
89,Elihu,Rabier,erabier2g@php.net,Male,5/12/2017,German,Zhongxian,Accounting,,false
90,Yuri,Betteney,ybetteney2h@histats.com,Male,11/4/2018,Swedish,Helsingborg,Accounting,,false
91,Marlene,Clementson,mclementson2i@salon.com,Female,9/14/2016,Swedish,Vanves,Product Management,0.04,false
92,Sebastiano,Bagot,sbagot2j@miibeian.gov.cn,Male,3/29/2019,German,Nueva Gerona,Legal,,false
93,Darrel,Crippen,dcrippen2k@sina.com.cn,Male,9/26/2018,English,Rucheng Chengguanzhen,Engineering,0.43,false
94,Kaleena,Salling,ksalling2l@usnews.com,Female,12/27/2017,German,Haixing,Accounting,0.32,false
95,Elvis,Hambric,ehambric2m@cbsnews.com,Male,7/22/2016,English,Penedo,Training,,false
96,Winnie,Ruskin,wruskin2n@biblegateway.com,Male,6/13/2016,German,Vilnius,Services,,false
97,Aurelie,Reddish,areddish2o@edublogs.org,Female,9/14/2016,Swedish,Montongtebolak,Product Management,,false
98,Luella,Agglione,lagglione2p@mit.edu,Female,2/15/2018,English,Volkhovskiy,Accounting,,false
99,Del,Kleewein,dkleewein2q@wired.com,Male,4/21/2017,German,Kapyl’,Human Resources,,false
100,Guillermo,Mompesson,gmompesson2r@odnoklassniki.ru,Male,2/6/2017,German,Gujrāt,Support,,false
101,Benedikta,Mattei,bmattei2s@webmd.com,Female,12/1/2016,English,Fómeque,Human Resources,0.63,false
102,Lennard,Ahern,lahern2t@go.com,Male,1/19/2017,Swedish,Pirané,Business Development,0.94,false
103,Lynsey,Karchewski,lkarchewski2u@state.gov,Female,7/18/2017,Swedish,San Antonio,Engineering,0.69,false
104,Laurens,Foale,lfoale2v@skyrock.com,Male,5/4/2019,German,Tunja,Engineering,,false
105,Francis,Courtney,fcourtney2w@imdb.com,Male,1/26/2016,English,Kiukainen,Business Development,0.34,false
106,Ortensia,Pruckner,opruckner2x@ifeng.com,Female,6/21/2016,English,Gradac,Sales,0.36,false
107,Gail,Roan,groan2y@irs.gov,Female,3/15/2019,Swedish,Paris 18,Engineering,,false
108,Valencia,Marchiso,vmarchiso2z@gnu.org,Female,3/24/2019,English,Bearna,Training,,false
109,Ursuline,Seager,useager30@livejournal.com,Female,6/30/2017,German,Évreux,Accounting,,false
110,Leighton,Hallbird,lhallbird31@comsenz.com,Male,2/8/2019,Swedish,Babakansari,Sales,0.49,false
111,Izzy,Drewe,idrewe32@reuters.com,Male,9/6/2018,Swedish,Nema,Training,0.56,false
112,Israel,Lyon,ilyon33@uol.com.br,Male,10/1/2018,German,Lixu,Human Resources,,false
113,Brice,Schwartz,bschwartz34@diigo.com,Male,6/6/2016,German,Żyraków,Marketing,0.87,false
114,Craggy,Pratchett,cpratchett35@cloudflare.com,Male,1/10/2017,English,Leeuwarden,Business Development,,false
115,Cher,Orrah,corrah36@cnet.com,Female,7/30/2019,German,Boyany,Engineering,0.27,false
116,Gavan,Snozzwell,gsnozzwell37@house.gov,Male,2/15/2016,English,Bakaran Kulon,Product Management,0.06,false
117,Pail,Blaby,pblaby38@sciencedirect.com,Male,4/17/2019,English,Filabusi,Marketing,0.88,false
118,Sherline,Guittet,sguittet39@twitter.com,Female,12/13/2018,German,Rousínov,Training,,false
119,Johanna,Ling,jling3a@oakley.com,Female,3/9/2019,Swedish,Kambatatamakawu,Training,,false
120,Hamlin,Hillhouse,hhillhouse3b@virginia.edu,Male,7/11/2016,English,Kafr Qūd,Sales,,false
121,Cal,Gerriet,cgerriet3c@cargocollective.com,Female,8/5/2016,English,Pršovce,Accounting,,false
122,Dita,Stormonth,dstormonth3d@discuz.net,Female,7/1/2019,Swedish,Polzela,Product Management,0.18,false
123,Glyn,Le Houx,glehoux3e@sfgate.com,Male,6/20/2017,English,Aegela,Legal,,false
124,Onofredo,Schenkel,oschenkel3f@zdnet.com,Male,5/5/2016,Swedish,Suqin Huimin,Legal,0.95,false
125,Sammie,Codner,scodner3g@whitehouse.gov,Male,1/9/2018,Swedish,Phra Khanong,Human Resources,0.52,false
126,Troy,Lemerle,tlemerle3h@hexun.com,Male,2/8/2019,German,Maevatanana,Product Management,0.66,false
127,Fabian,Lindgren,flindgren3i@bigcartel.com,Male,4/14/2019,Swedish,Dongjingcheng,Research and Development,,false
128,Crystie,Denekamp,cdenekamp3j@e-recht24.de,Female,3/29/2019,German,Sempu,Training,,false
129,Odele,Willetts,owilletts3k@scientificamerican.com,Female,3/12/2018,German,Dunyāpur,Human Resources,,false
130,Sallyann,Hutchence,shutchence3l@free.fr,Female,7/1/2016,English,Morbatoh,Product Management,0.63,false
131,Micheil,Hammersley,mhammersley3m@zimbio.com,Male,4/7/2017,Swedish,Brdów,Services,1.0,false
132,Danita,Oolahan,doolahan3n@nyu.edu,Female,11/17/2017,Swedish,Camacha,Sales,,false
133,Mel,Mathiassen,mmathiassen3o@cam.ac.uk,Male,6/26/2019,German,Rizári,Legal,0.9,false
134,Clarke,Langeren,clangeren3p@washington.edu,Male,7/25/2016,German,Sirghāyā,Research and Development,,false
135,Wait,Batcock,wbatcock3q@tumblr.com,Male,2/14/2018,English,Hässelby,Marketing,,false
136,Filip,Eilhart,feilhart3r@bigcartel.com,Male,9/2/2017,German,Áno Kalentíni,Engineering,,false
137,Chaunce,Pashby,cpashby3s@joomla.org,Male,2/24/2019,Swedish,Tualeu,Sales,,false
138,Jilli,Sodo,jsodo3t@linkedin.com,Female,4/24/2018,Swedish,Tampa,Research and Development,,false
139,Leonhard,Cumber,lcumber3u@dedecms.com,Male,10/19/2018,Swedish,Jbaïl,Training,,false
140,Ernst,Casswell,ecasswell3v@odnoklassniki.ru,Male,2/25/2017,German,Contagem,Human Resources,,false
141,Fabe,Cowans,fcowans3w@nsw.gov.au,Male,4/1/2017,German,Pamplona,Accounting,0.81,false
142,Frank,Shambroke,fshambroke3x@archive.org,Male,2/25/2018,Swedish,Granja do Tedo,Business Development,0.22,false
143,Jacqueline,Culross,jculross3y@fotki.com,Female,4/12/2016,English,Rajūzah,Training,,false
144,Estrella,Rastrick,erastrick3z@mit.edu,Female,10/5/2016,English,Infonavit,Research and Development,,false
145,Federica,Mendonca,fmendonca40@discovery.com,Female,6/21/2019,German,Madaoua,Marketing,0.03,false
146,Gardner,Spenceley,gspenceley41@ehow.com,Male,3/27/2019,Swedish,Biito,Marketing,,false
147,Kinny,Worpole,kworpole42@yahoo.co.jp,Male,12/16/2017,English,Avignon,Engineering,,false
148,Edan,Micco,emicco43@amazon.com,Male,6/24/2017,Swedish,Boji,Engineering,,false
149,Silvia,Demangeon,sdemangeon44@qq.com,Female,6/22/2019,German,Grindavík,Human Resources,,false
150,Greer,Pearson,gpearson45@qq.com,Female,9/6/2019,German,Corumbá,Accounting,,false
151,Patty,MacIlriach,pmacilriach46@amazonaws.com,Male,7/29/2018,English,Wādī al ‘Uyūn,Sales,,false
152,Cassaundra,Carbonell,ccarbonell47@facebook.com,Female,8/23/2019,Swedish,Padre Nabeto,Research and Development,,false
153,Cortney,Casburn,ccasburn48@zimbio.com,Female,8/18/2017,German,Cristalina,Marketing,0.14,false
154,Mohammed,Clapison,mclapison49@hhs.gov,Male,4/7/2018,Swedish,Obiaruku Quarters,Support,,false
155,Syd,MacCarter,smaccarter4a@behance.net,Male,7/2/2017,German,Sandakan,Human Resources,0.57,false
156,Nita,Torvey,ntorvey4b@canalblog.com,Female,5/5/2016,Swedish,Qinglong,Accounting,,false
157,Darill,Kellert,dkellert4c@mysql.com,Male,10/28/2017,English,Colca,Product Management,,false
158,Natty,Jermyn,njermyn4d@addthis.com,Female,10/9/2016,English,Hikone,Legal,0.6,false
159,Caldwell,Scollick,cscollick4e@fda.gov,Male,3/8/2019,Swedish,Karatau,Legal,,false
160,Pincas,Fery,pfery4f@imdb.com,Male,9/28/2016,German,Conchal,Product Management,,false
161,Melony,Harrington,mharrington4g@delicious.com,Female,4/1/2019,Swedish,Sumilao,Marketing,,false
162,Emmalynne,Lemmers,elemmers4h@tripod.com,Female,4/7/2019,German,Taipingzhuang,Marketing,0.89,false
163,Stevy,Fishly,sfishly4i@w3.org,Male,11/10/2017,Swedish,Balesari,Engineering,,false
164,Korney,Bindley,kbindley4j@narod.ru,Female,6/26/2019,Swedish,Horodnya,Business Development,,false
165,Sammy,Dorkin,sdorkin4k@cbslocal.com,Male,6/8/2017,English,Köln,Engineering,0.87,false
166,Douglas,Flatte,dflatte4l@soundcloud.com,Male,2/19/2016,English,Mabini,Engineering,,false
167,Ulrike,Pitkethly,upitkethly4m@washingtonpost.com,Female,6/16/2018,German,Woto,Accounting,0.83,false
168,Cloris,Epperson,cepperson4n@techcrunch.com,Female,7/20/2017,English,Mayskiy,Services,,false
169,Prentice,Pettisall,ppettisall4o@yandex.ru,Male,11/16/2016,German,Progreso,Accounting,,false
170,Marga,Dinnage,mdinnage4p@tumblr.com,Female,4/26/2017,Swedish,Sonzacate,Human Resources,,false
171,Cam,Hundley,chundley4q@bravesites.com,Male,12/4/2016,German,Dunlewy,Research and Development,0.7,false
172,Sherline,Burrus,sburrus4r@cbsnews.com,Female,1/18/2019,Swedish,Jakšić,Research and Development,0.62,false
173,Mildred,Doyley,mdoyley4s@discuz.net,Female,6/11/2019,English,Dapitan,Engineering,,false
174,Karleen,Avrashin,kavrashin4t@google.co.jp,Female,6/28/2019,Swedish,Wangjiahe,Legal,,false
175,Baron,Summerley,bsummerley4u@washingtonpost.com,Male,6/7/2019,English,Ludbreg,Support,,false
176,Nikoletta,Bick,nbick4v@va.gov,Female,4/21/2017,Swedish,Lymanske,Product Management,,false
177,Madel,Wathall,mwathall4w@com.com,Female,11/7/2018,German,Dazu,Human Resources,,false
178,Nehemiah,Shattock,nshattock4x@scientificamerican.com,Male,8/19/2018,Swedish,Virbalis,Services,,false
179,Tallie,Milbourn,tmilbourn4y@state.gov,Female,4/20/2019,English,Narganá,Human Resources,,false
180,Linc,Curteis,lcurteis4z@foxnews.com,Male,1/20/2016,German,Panggungasri,Research and Development,0.48,false
181,Margit,Surplice,msurplice50@illinois.edu,Female,1/13/2016,English,Kansas City,Research and Development,0.49,false
182,Natassia,Tincknell,ntincknell51@over-blog.com,Female,1/7/2016,Swedish,Rodhítsa,Training,,false
183,Dolores,Gude,dgude52@washingtonpost.com,Female,4/17/2019,English,Jatisari,Training,0.84,false
184,Jarib,Wykes,jwykes53@blinklist.com,Male,12/11/2018,English,Vodnjan,Research and Development,0.63,false
185,Bronnie,Gavrieli,bgavrieli54@wiley.com,Male,8/5/2019,Swedish,Alhos Vedros,Engineering,0.3,false
186,Agatha,Khomishin,akhomishin55@home.pl,Female,2/10/2019,English,Sundawenang,Business Development,0.04,false
187,Killian,Eathorne,keathorne56@networksolutions.com,Male,1/17/2017,English,Okigwi,Product Management,,false
188,Byram,Broy,bbroy57@hexun.com,Male,4/8/2019,English,Ketara,Marketing,,false
189,Rheba,Dukes,rdukes58@wufoo.com,Female,7/20/2016,German,Shushicë,Support,,false
190,Berkeley,Sinott,bsinott59@weibo.com,Male,10/21/2018,German,Jefferson City,Support,,false
191,Skyler,Titterell,stitterell5a@last.fm,Male,6/26/2016,English,Naghalin,Support,0.49,false
192,Gregg,Brumbie,gbrumbie5b@multiply.com,Male,4/16/2018,English,Shchelkovo,Research and Development,,false
193,Felizio,Planke,fplanke5c@wired.com,Male,7/7/2018,English,Prince Albert,Services,,false
194,Granville,Blagbrough,gblagbrough5d@e-recht24.de,Male,7/10/2018,English,Shengli,Training,,false
195,Byram,Howlin,bhowlin5e@reverbnation.com,Male,3/9/2018,Swedish,Samal,Business Development,,false
196,Wyn,Geraldez,wgeraldez5f@kickstarter.com,Male,7/21/2016,German,Santa Rita Village,Accounting,,false
197,Jefferey,Payton,jpayton5g@wiley.com,Male,6/15/2019,Swedish,Maiorca,Services,0.58,false
198,Carita,Vedikhov,cvedikhov5h@symantec.com,Female,3/19/2019,German,Abade de Vermoim,Human Resources,,false
199,Conrade,Escot,cescot5i@berkeley.edu,Male,1/29/2016,Swedish,Andaray,Support,0.74,false
200,Suzanna,Hardware,shardware5j@csmonitor.com,Female,5/25/2016,English,Meishan,Legal,0.68,false
201,Vin,Dobrowolny,vdobrowolny5k@blogtalkradio.com,Female,8/21/2018,German,Tatou,Product Management,0.88,false
202,Aarika,Asaaf,aasaaf5l@liveinternet.ru,Female,3/22/2018,English,Lubaczów,Legal,,false
203,Rodi,Mouton,rmouton5m@nyu.edu,Female,4/3/2017,English,Castlebridge,Human Resources,,false
204,Orin,Janny,ojanny5n@smh.com.au,Male,12/29/2018,German,Al Ghuwayrīyah,Training,0.71,false
205,Herculie,Dundon,hdundon5o@mozilla.org,Male,3/6/2017,German,Heshui,Product Management,,false
206,Blythe,Clerke,bclerke5p@theguardian.com,Female,10/9/2017,Swedish,Sūrīān,Legal,,false
207,Andriette,Monck,amonck5q@myspace.com,Female,10/6/2019,Swedish,Kadubamban,Services,,false
208,Morgun,Cockrell,mcockrell5r@surveymonkey.com,Male,12/12/2017,English,Les Coteaux,Training,0.43,false
209,Ximenez,Cuppitt,xcuppitt5s@wix.com,Male,2/27/2018,Swedish,Llano Largo,Training,,false
210,Andy,Christophle,achristophle5t@t.co,Female,6/19/2017,English,Përmet,Sales,0.02,false
211,Heath,Hearne,hhearne5u@about.me,Male,4/25/2017,English,Yakutsk,Accounting,0.61,false
212,Arri,Filkov,afilkov5v@wix.com,Male,12/19/2018,English,San Marcelino,Engineering,0.27,false
213,Rich,Hargey,rhargey5w@ft.com,Male,11/5/2017,German,Bełżyce,Training,,false
214,Raimund,De Beauchamp,rdebeauchamp5x@youtube.com,Male,2/25/2018,English,Minbu,Support,,false
215,Ingar,Ivanyutin,iivanyutin5y@delicious.com,Male,8/3/2019,English,Zakhim,Product Management,0.51,false
216,Steward,Docharty,sdocharty5z@wikipedia.org,Male,10/25/2017,Swedish,Jönköping,Marketing,,false
217,Alonso,Neesam,aneesam60@linkedin.com,Male,6/2/2018,English,Carleton-sur-Mer,Human Resources,0.73,false
218,Sergeant,Oake,soake61@slideshare.net,Male,2/21/2019,Swedish,Dallas,Support,,false
219,Jessalin,Sutter,jsutter62@studiopress.com,Female,7/14/2018,English,Garzón,Engineering,,false
220,Leola,Gadsden,lgadsden63@google.com.br,Female,2/10/2017,German,Yongning,Product Management,0.31,false
221,Edin,Semerad,esemerad64@jimdo.com,Female,2/20/2016,English,Markova,Accounting,,false
222,Carling,Benaine,cbenaine65@rakuten.co.jp,Male,8/8/2016,Swedish,Huangshi,Research and Development,,false
223,Temp,Pagram,tpagram66@blogtalkradio.com,Male,11/26/2016,German,Dupnitsa,Business Development,0.74,false
224,Meta,Pealing,mpealing67@newyorker.com,Female,8/1/2018,Swedish,Khomutovo,Support,,false
225,Jacquenette,Lawn,jlawn68@skype.com,Female,10/25/2016,Swedish,Kaduengang,Sales,0.11,false
226,Job,Davis,jdavis69@flickr.com,Male,3/6/2019,Swedish,Bagumbayan,Research and Development,,false
227,Hobey,Bilverstone,hbilverstone6a@tinyurl.com,Male,1/17/2018,English,Darhan,Support,0.06,true
228,Alexina,Osorio,aosorio6b@mapquest.com,Female,3/13/2017,German,Nankai,Sales,0.47,true
229,Maud,Costello,mcostello6c@vistaprint.com,Female,8/18/2018,German,Jeleuk,Accounting,0.47,true
230,Aurel,Choke,achoke6d@msu.edu,Female,1/1/2019,Swedish,Ust’-Dzheguta,Training,,true
231,Tallie,Copley,tcopley6e@w3.org,Female,8/26/2019,German,Quzi,Services,,true
232,Horten,Kupec,hkupec6f@studiopress.com,Male,1/30/2016,English,Wang’er,Marketing,,false
233,Tyler,McIntosh,tmcintosh6g@dion.ne.jp,Male,2/24/2018,Swedish,Mpigi,Marketing,,false
234,Ingeborg,MacAnelley,imacanelley6h@1688.com,Female,7/18/2017,Swedish,Borås,Product Management,0.65,false
235,Sabine,Haskell,shaskell6i@cbsnews.com,Female,3/24/2016,English,Banaran,Business Development,0.78,false
236,Gare,Lambdin,glambdin6j@cmu.edu,Male,4/10/2016,Swedish,Rodópoli,Product Management,0.78,false
237,Vivianne,McCarthy,vmccarthy6k@ibm.com,Female,5/11/2017,English,Poiares,Research and Development,0.85,false
238,Hatti,Spurret,hspurret6l@a8.net,Female,2/23/2019,German,Baihe,Services,0.36,false
239,Shawn,Vashchenko,svashchenko6m@kickstarter.com,Female,1/21/2019,English,Huntington,Training,,false
240,Mahmud,Hantusch,mhantusch6n@163.com,Male,4/1/2017,English,Kampokpok,Engineering,,false
241,Valentijn,Diggar,vdiggar6o@walmart.com,Male,2/27/2018,Swedish,Palu,Services,0.37,false
242,Sibilla,Eccleston,seccleston6p@java.com,Female,5/4/2016,Swedish,Gangbian,Accounting,0.11,false
243,Mollie,Bonn,mbonn6q@ihg.com,Female,6/8/2019,English,Warwick,Services,,false
244,Alessandra,English,aenglish6r@myspace.com,Female,3/5/2019,German,Rakhiv,Research and Development,,false
245,Leigh,Dwight,ldwight6s@mashable.com,Female,5/19/2017,Swedish,Wuyang,Human Resources,0.91,false
246,Alanna,Biss,abiss6t@360.cn,Female,10/27/2016,Swedish,Oesena,Legal,,false
247,Salomi,Leport,sleport6u@geocities.jp,Female,5/4/2016,English,Rowokangkung,Research and Development,,false
248,Kandy,Aberchirder,kaberchirder6v@amazon.co.jp,Female,8/20/2016,German,Cikaung,Legal,,false
249,Marilin,Idney,midney6w@wordpress.com,Female,9/17/2018,Swedish,Babice,Human Resources,0.54,false
250,Sibyl,Eastmond,seastmond6x@princeton.edu,Female,4/2/2016,English,Sitampiky,Training,0.05,true
251,Brennen,Warcop,bwarcop6y@trellian.com,Male,9/19/2017,English,Rizhao,Services,,true
252,Neely,Dowd,ndowd6z@liveinternet.ru,Female,6/28/2019,English,Jiangnan,Sales,,true
253,Thorstein,Tomanek,ttomanek70@businessweek.com,Male,4/20/2016,Swedish,Karítsa,Services,,true
254,Taddeo,Vass,tvass71@pinterest.com,Male,2/13/2016,Swedish,Wudong,Legal,,true
255,Gilbert,Colyer,gcolyer72@tripod.com,Male,10/28/2016,English,Arcachon,Product Management,0.98,false
256,Alastair,Arthurs,aarthurs73@cpanel.net,Male,1/14/2019,Swedish,Ustynivka,Product Management,0.72,false
257,Jennette,Hartzenberg,jhartzenberg74@blog.com,Female,7/18/2019,Swedish,Mandal,Legal,,false
258,Thorny,Tremeer,ttremeer75@webnode.com,Male,6/17/2017,Swedish,Ivanishchi,Training,,false
259,Danell,Pischel,dpischel76@domainmarket.com,Female,3/23/2018,German,Dupi,Research and Development,0.22,false
260,Emmalynne,Shorthouse,eshorthouse77@bluehost.com,Female,2/27/2019,German,Naxos,Business Development,,true
261,Sibylle,Robbert,srobbert78@altervista.org,Female,12/5/2016,Swedish,Taihu,Services,,true
262,Jule,Esser,jesser79@ovh.net,Male,5/27/2018,English,Sukahening,Services,0.4,true
263,Pamela,Reedy,preedy7a@smh.com.au,Female,1/27/2017,German,Kalyny,Business Development,0.32,true
264,Alexandros,Millery,amillery7b@businesswire.com,Male,1/4/2018,English,Yylanly,Marketing,,true
265,Rea,Yanin,ryanin7c@yellowpages.com,Female,4/3/2016,German,Sanlicheng,Support,,true
266,Guglielmo,Sedge,gsedge7d@webmd.com,Male,4/20/2016,German,Burqah,Sales,0.66,true
267,Stanleigh,Moscon,smoscon7e@nasa.gov,Male,10/19/2018,Swedish,Lazaro Cardenas,Marketing,0.12,true
268,Evered,Barczynski,ebarczynski7f@etsy.com,Male,3/2/2018,Swedish,Vayk’,Product Management,0.97,true
269,Durand,Kintish,dkintish7g@addtoany.com,Male,6/3/2019,English,Zhongtang,Sales,,false
270,Ashton,Pfleger,apfleger7h@angelfire.com,Male,7/14/2017,German,Pombos,Legal,0.32,false
271,Ladonna,Rodenhurst,lrodenhurst7i@reuters.com,Female,2/14/2016,Swedish,Chillia,Support,0.31,false
272,Corissa,Djurevic,cdjurevic7j@scribd.com,Female,6/6/2016,English,Bacuyangan,Research and Development,,false
273,Monty,Conville,mconville7k@sciencedaily.com,Male,5/23/2018,Swedish,Santa Maria,Product Management,,false
274,Francisca,Kliment,fkliment7l@ustream.tv,Female,8/7/2017,Swedish,Bi’r Ḩāt,Engineering,0.77,false
275,Austin,Stych,astych7m@dyndns.org,Female,1/22/2017,Swedish,Al Kittah,Research and Development,0.98,false
276,Jakie,Baynes,jbaynes7n@jalbum.net,Male,6/28/2019,Swedish,Petropavlivka,Legal,,false
277,Lars,Lauxmann,llauxmann7o@dell.com,Male,4/6/2016,Swedish,Mislak,Services,0.23,false
278,Hagan,Bonin,hbonin7p@cnet.com,Male,6/4/2019,Swedish,Yaqian,Marketing,0.96,false
279,Carree,Messruther,cmessruther7q@qq.com,Female,2/20/2016,Swedish,Caen,Engineering,0.21,false
280,Fredra,Innott,finnott7r@deliciousdays.com,Female,8/8/2017,Swedish,Planaltina,Product Management,,false
281,Winthrop,Semered,wsemered7s@mysql.com,Male,6/21/2018,Swedish,El Bagre,Legal,,false
282,Ida,Labon,ilabon7t@wisc.edu,Female,2/27/2017,Swedish,Maych’ew,Legal,0.59,false
283,Wynnie,Rhubottom,wrhubottom7u@unblog.fr,Female,2/6/2018,Swedish,Falkenberg,Support,,false
284,Sanford,Donalson,sdonalson7v@berkeley.edu,Male,3/9/2016,German,Kovači,Support,,false
285,Pegeen,Gress,pgress7w@merriam-webster.com,Female,3/27/2016,German,Dunleer,Research and Development,,false
286,Wilhelm,Knevett,wknevett7x@cnbc.com,Male,8/29/2016,German,Hatsukaichi,Sales,,false
287,Donnell,Stopford,dstopford7y@taobao.com,Male,2/14/2017,English,Darwin,Accounting,0.48,false
288,Guss,Sauvage,gsauvage7z@tripod.com,Male,5/17/2017,German,Independencia,Sales,,false
289,Bobbette,Concklin,bconcklin80@loc.gov,Female,2/27/2019,English,Banjaranyar,Engineering,0.12,false
290,Any,Doche,adoche81@youtube.com,Male,2/17/2019,English,Atolina,Engineering,0.27,false
291,Cynthia,Raven,craven82@discuz.net,Female,10/15/2017,German,Bronx,Engineering,0.51,false
292,Avictor,Conrard,aconrard83@chron.com,Male,12/24/2017,English,U Minh,Business Development,,false
293,Melinda,Cheasman,mcheasman84@nih.gov,Female,10/22/2018,Swedish,Arvidsjaur,Support,,false
294,Dorothea,Gebhardt,dgebhardt85@mapquest.com,Female,5/23/2016,German,Concepción del Uruguay,Services,0.7,false
295,Shoshanna,Swalwel,sswalwel86@ifeng.com,Female,12/11/2017,Swedish,Sicamous,Training,,false
296,Hilliard,Momford,hmomford87@delicious.com,Male,7/15/2018,Swedish,Maniwaki,Research and Development,,false
297,Sherwood,Derr,sderr88@mapy.cz,Male,9/7/2019,English,Mashizhai,Support,,false
298,Floyd,Morrilly,fmorrilly89@google.com.au,Male,6/15/2017,English,Genisséa,Human Resources,,false
299,Faith,Quittonden,fquittonden8a@blinklist.com,Female,9/12/2019,Swedish,Ural,Business Development,,false
300,Barnebas,Sharvell,bsharvell8b@friendfeed.com,Male,8/18/2018,German,Gorang,Human Resources,0.53,false
301,Uta,Servis,uservis8c@wiley.com,Female,12/14/2017,German,Matriz de Camaragibe,Business Development,,false
302,Aldridge,Wickens,awickens8d@diigo.com,Male,3/19/2019,English,Ekerö,Engineering,,false
303,Aluino,Blitz,ablitz8e@nationalgeographic.com,Male,9/14/2018,Swedish,Balangonan,Business Development,,false
304,Car,Frotton,cfrotton8f@washington.edu,Male,5/14/2016,German,Zishan,Services,0.23,false
305,Gwenette,Behrend,gbehrend8g@booking.com,Female,2/17/2017,Swedish,Saint-Denis,Product Management,,false
306,Cayla,Lamerton,clamerton8h@dailymail.co.uk,Female,2/19/2016,Swedish,Dublin,Business Development,,false
307,Justino,Welsby,jwelsby8i@weibo.com,Male,6/30/2018,English,Lyambir’,Product Management,,false
308,Menard,Betser,mbetser8j@examiner.com,Male,4/28/2019,English,Lynchburg,Marketing,0.14,false
309,Caleb,Kelner,ckelner8k@biglobe.ne.jp,Male,5/9/2018,English,San Antonio Suchitepéquez,Marketing,,false
310,Catie,Foucar,cfoucar8l@goo.gl,Female,12/12/2018,Swedish,Limeira,Human Resources,0.15,false
311,Boycie,Luxmoore,bluxmoore8m@usatoday.com,Male,4/17/2017,German,El Benque,Services,,false
312,Tait,Sissel,tsissel8n@hud.gov,Male,6/30/2019,English,Culubasa,Research and Development,,false
313,Berkeley,Behnen,bbehnen8o@patch.com,Male,10/28/2018,Swedish,Pahing Jalatrang,Product Management,,false
314,Fredericka,Linebarger,flinebarger8p@google.com.br,Female,1/27/2016,English,Puma,Human Resources,0.66,false
315,Bradford,Decayette,bdecayette8q@irs.gov,Male,9/12/2016,English,Thanatpin,Training,0.44,false
316,Ilene,Siddaley,isiddaley8r@moonfruit.com,Female,2/9/2017,Swedish,Joliette,Training,0.98,false
317,Maje,Fewless,mfewless8s@a8.net,Male,10/17/2017,Swedish,Turmus‘ayyā,Legal,0.66,false
318,Roxy,Clinnick,rclinnick8t@vistaprint.com,Female,9/8/2016,English,Verkhn’odniprovs’k,Accounting,0.72,false
319,Gerrilee,Billings,gbillings8u@toplist.cz,Female,9/17/2018,German,Tohong,Marketing,0.0,false
320,Lay,Horsfield,lhorsfield8v@fc2.com,Male,8/14/2018,English,Dolulolong,Support,,false
321,Sheffie,MacPeice,smacpeice8w@skype.com,Male,7/8/2019,German,Yeshan,Training,,false
322,Archie,Corton,acorton8x@cdc.gov,Male,5/5/2018,German,Loreto,Accounting,,false
323,Leonidas,Shallow,lshallow8y@i2i.jp,Male,10/11/2017,English,Mayuan,Services,0.64,false
324,Noelyn,Episcopi,nepiscopi8z@indiegogo.com,Female,5/4/2018,Swedish,Pinellas Park,Services,,false
325,Lucienne,Coyish,lcoyish90@washingtonpost.com,Female,8/18/2019,Swedish,Balas,Business Development,,false
326,Arel,Peers,apeers91@trellian.com,Male,5/24/2018,English,Cepões,Services,0.91,false
327,Dusty,Boschmann,dboschmann92@reference.com,Female,4/7/2016,Swedish,Hrabyně,Accounting,,false
328,Elke,Entwisle,eentwisle93@irs.gov,Female,3/25/2016,German,Ołpiny,Training,0.07,false
329,Millisent,Croot,mcroot94@earthlink.net,Female,9/30/2019,German,Aţ Ţurrah,Marketing,,false
330,Marlee,Osburn,mosburn95@yelp.com,Female,2/29/2016,Swedish,Xinchengpu,Engineering,0.22,false
331,Trude,Rudiger,trudiger96@godaddy.com,Female,6/6/2018,English,Kubang,Legal,,false
332,Ethel,Champley,echampley97@arizona.edu,Female,2/7/2016,English,Zhongxin,Sales,0.87,false
333,Reg,Korbmaker,rkorbmaker98@umn.edu,Male,3/15/2016,English,Aknoul,Product Management,,false
334,Ermin,Vel,evel99@soundcloud.com,Male,12/21/2016,German,Huaping,Marketing,0.38,false
335,Emiline,Carlino,ecarlino9a@columbia.edu,Female,9/20/2016,German,Kembang,Training,,false
336,Helena,Summerill,hsummerill9b@freewebs.com,Female,1/4/2016,German,Radymno,Training,,false
337,Glendon,Dowbekin,gdowbekin9c@bloomberg.com,Male,10/25/2016,German,Amos,Product Management,,false
338,Doris,Bonifazio,dbonifazio9d@illinois.edu,Female,4/9/2017,Swedish,Karanganyar,Engineering,0.93,false
339,Lenette,Tregenna,ltregenna9e@sina.com.cn,Female,10/7/2016,German,Nacka,Sales,0.96,false
340,Tiffany,Potier,tpotier9f@ucoz.com,Female,9/18/2017,Swedish,Randuboto,Engineering,,false
341,Fonsie,Blaxland,fblaxland9g@salon.com,Male,3/10/2016,English,Takasaki,Marketing,,false
342,Clayborne,Mechic,cmechic9h@zdnet.com,Male,3/2/2019,German,Siaton,Product Management,0.94,false
343,Hilde,Maly,hmaly9i@utexas.edu,Female,7/29/2018,English,Aktogay,Business Development,,false
344,Fabien,Casey,fcasey9j@wordpress.org,Male,7/7/2019,Swedish,Locminé,Support,0.04,false
345,Basile,Seckom,bseckom9k@vistaprint.com,Male,6/5/2018,English,Sadang Kulon,Legal,0.45,false
346,Meggi,Piper,mpiper9l@yandex.ru,Female,6/20/2019,Swedish,Stockholm,Legal,,false
347,Gabriel,Lobb,globb9m@washingtonpost.com,Female,1/13/2017,English,Basyūn,Human Resources,,false
348,Wilek,Lapping,wlapping9n@opensource.org,Male,6/21/2016,Swedish,Los Córdobas,Services,,false
349,Lula,Segebrecht,lsegebrecht9o@imdb.com,Female,3/18/2017,German,Pereleshino,Legal,0.05,false
350,Griffie,Kopfer,gkopfer9p@arizona.edu,Male,4/7/2019,English,Boro,Accounting,,false
351,Jarrid,McConville,jmcconville9q@google.ca,Male,10/25/2016,German,Kalinovo,Engineering,0.91,false
352,Marj,Cordaroy,mcordaroy9r@prlog.org,Female,9/12/2018,English,Koga,Legal,,false
353,Bendite,Tousy,btousy9s@clickbank.net,Female,1/4/2019,English,Hejiaping,Training,,false
354,Maurise,Hizir,mhizir9t@de.vu,Male,1/9/2016,German,Sharjah,Legal,0.46,false
355,Artus,Kiltie,akiltie9u@bizjournals.com,Male,6/29/2017,Swedish,Cabedelo,Training,0.05,false
356,Lawton,Naisbet,lnaisbet9v@addtoany.com,Male,6/5/2016,English,Rogachëvo,Human Resources,,false
357,Rachele,Majury,rmajury9w@va.gov,Female,11/26/2018,English,Kletek,Services,,false
358,Jessika,Fitzsimons,jfitzsimons9x@usa.gov,Female,7/16/2017,German,Bukui,Sales,0.07,false
359,Lavena,Hainey,lhainey9y@si.edu,Female,11/21/2018,English,Tangjian,Human Resources,0.66,false
360,Morgen,Paolini,mpaolini9z@studiopress.com,Male,9/30/2019,English,Al Qanāwiş,Training,,false
361,Clare,Witten,cwittena0@seattletimes.com,Male,9/24/2018,English,Haiyangsuo,Business Development,,false
362,Hammad,Vasse,hvassea1@webmd.com,Male,7/4/2018,Swedish,Pushchino,Engineering,,false
363,Rosmunda,Rickword,rrickworda2@marriott.com,Female,1/2/2019,German,Palayan City,Sales,,false
364,Delcina,McMorran,dmcmorrana3@jiathis.com,Female,11/24/2017,Swedish,Nauchnyy Gorodok,Product Management,,false
365,Hillard,Damerell,hdamerella4@slideshare.net,Male,12/16/2018,German,Changning,Research and Development,0.14,false
366,Arin,Goose,agoosea5@php.net,Male,10/19/2017,Swedish,Dimataling,Engineering,,false
367,Ilsa,Houchen,ihouchena6@nasa.gov,Female,6/14/2016,German,Stockholm,Product Management,,false
368,Oswald,Mudge,omudgea7@bing.com,Male,8/23/2019,German,Mawlamyine,Research and Development,0.03,false
369,Emmerich,Edwards,eedwardsa8@dagondesign.com,Male,10/11/2018,German,Moste,Research and Development,,false
370,Michele,Cotman,mcotmana9@a8.net,Male,4/15/2018,German,Xinghai,Business Development,,false
371,Margie,Rickesies,mrickesiesaa@epa.gov,Female,9/24/2017,German,Rivera,Accounting,,false
372,Elberta,Chattoe,echattoeab@amazonaws.com,Female,7/30/2016,English,Zhiletovo,Training,,false
373,Herve,Hostan,hhostanac@senate.gov,Male,10/21/2016,English,Kubangkondang,Research and Development,,false
374,Sigvard,Soden,ssodenad@independent.co.uk,Male,5/26/2016,Swedish,Camabatela,Business Development,,false
375,Eward,Borkin,eborkinae@deliciousdays.com,Male,1/27/2016,Swedish,Xiaolukou,Training,,false
376,Suzanna,Antonioni,santonioniaf@macromedia.com,Female,12/21/2018,English,Cibitung,Research and Development,0.66,false
377,Culley,Dinzey,cdinzeyag@cnbc.com,Male,9/10/2019,English,Kulautuva,Services,0.91,false
378,Bessie,Hamshaw,bhamshawah@icio.us,Female,1/27/2019,Swedish,Guapi,Engineering,0.96,false
379,Rogers,Landon,rlandonai@vistaprint.com,Male,4/3/2018,English,Bukui,Services,,false
380,Kristoffer,O'Neal,konealaj@harvard.edu,Male,2/18/2016,English,Banana Village,Sales,0.38,false
381,Melodee,Condit,mconditak@nytimes.com,Female,11/11/2018,Swedish,Baracatan,Support,,false
382,Floris,Bastock,fbastockal@freewebs.com,Female,2/5/2018,English,Obo,Services,,false
383,Evyn,Scipsey,escipseyam@photobucket.com,Male,9/4/2016,English,Mubi,Business Development,0.47,false
384,Debra,Scintsbury,dscintsburyan@over-blog.com,Female,7/11/2018,English,Jacobina,Marketing,,false
385,Dulcea,McLeary,dmclearyao@examiner.com,Female,8/3/2016,English,Ust’-Abakan,Support,,false
386,Kissiah,Frossell,kfrossellap@xrea.com,Female,2/23/2018,German,Leifeng,Human Resources,,false
387,Ermengarde,Barniss,ebarnissaq@baidu.com,Female,4/8/2018,German,Zakan-Yurt,Services,0.51,false
388,Farleigh,Davidovitz,fdavidovitzar@about.com,Male,3/6/2018,Swedish,Rancamaya,Human Resources,0.24,false
389,Bevin,Hun,bhunas@diigo.com,Male,3/2/2019,English,Dongkengkou,Business Development,,false
390,Prue,Kyngdon,pkyngdonat@ifeng.com,Female,8/30/2016,Swedish,Heshi,Sales,,false
391,Blondell,Barehead,bbareheadau@gravatar.com,Female,8/19/2019,German,Cibaregbeg Dua,Business Development,,false
392,Ford,Gobeaux,fgobeauxav@adobe.com,Male,1/10/2019,Swedish,Candelaria,Engineering,0.08,false
393,Wolfie,Coatman,wcoatmanaw@intel.com,Male,6/29/2017,German,Kuzhorskaya,Business Development,,false
394,Anna-diana,Patriche,apatricheax@discovery.com,Female,10/26/2018,English,Waiwukak,Services,,false
395,Nickey,Whittlesea,nwhittleseaay@bizjournals.com,Male,12/4/2016,English,San Miguelito,Research and Development,,false
396,Gerrie,Cutteridge,gcutteridgeaz@zimbio.com,Female,8/23/2019,Swedish,Vodstroy,Marketing,0.78,false
397,Myles,Aaronson,maaronsonb0@statcounter.com,Male,5/10/2018,Swedish,Mestre,Services,0.69,false
398,Dacey,Whapples,dwhapplesb1@mlb.com,Female,1/4/2016,Swedish,Barra Bonita,Accounting,,false
399,Elfrieda,Woolam,ewoolamb2@123-reg.co.uk,Female,1/11/2019,German,Jinfeng,Business Development,,false
400,Ermentrude,Birney,ebirneyb3@wisc.edu,Female,5/24/2017,German,Kangar,Support,,false
401,Luise,Hickenbottom,lhickenbottomb4@home.pl,Female,12/20/2017,Swedish,Diaoluoshan,Product Management,0.23,false
402,Faunie,Twelvetree,ftwelvetreeb5@engadget.com,Female,8/30/2018,German,Boaco,Support,,false
403,Frances,Durram,fdurramb6@jalbum.net,Female,10/30/2018,English,Looc,Accounting,,false
404,Lawry,Tomaszewicz,ltomaszewiczb7@theatlantic.com,Male,1/2/2017,Swedish,Port-Vila,Support,,false
405,Joyan,Courtenay,jcourtenayb8@scribd.com,Female,4/10/2016,English,Longyuanba,Accounting,,false
406,Saxe,Wackley,swackleyb9@ebay.com,Male,4/23/2018,English,Kete Krachi,Sales,,false
407,Alfonso,Lowen,alowenba@addtoany.com,Male,1/15/2017,German,Dungarvan,Sales,0.26,false
408,Abrahan,Paszak,apaszakbb@wiley.com,Male,5/13/2018,German,Utmānzai,Support,0.65,false
409,Dion,Basketter,dbasketterbc@php.net,Male,12/13/2017,Swedish,El Bauga,Business Development,0.33,false
410,Hilda,Raddan,hraddanbd@skyrock.com,Female,7/31/2019,English,Ubajami,Human Resources,0.79,false
411,Aubree,Ludwikiewicz,aludwikiewiczbe@symantec.com,Female,1/30/2019,German,Karangnongko,Services,,false
412,Michal,Gibling,mgiblingbf@fotki.com,Female,7/19/2017,English,Tambobamba,Legal,0.31,false
413,Germain,Giovannilli,ggiovannillibg@bandcamp.com,Male,11/25/2017,Swedish,Alkmaar,Product Management,0.9,false
414,Maximilianus,Simonazzi,msimonazzibh@geocities.jp,Male,12/6/2016,English,Morelos,Product Management,,false
415,Desmund,Hardison,dhardisonbi@slate.com,Male,3/30/2018,English,Pariaman,Marketing,0.84,false
416,Jacintha,Pendlebery,jpendleberybj@bluehost.com,Female,9/23/2017,English,Camanducaia,Accounting,,false
417,Eyde,Crotty,ecrottybk@ca.gov,Female,5/29/2017,Swedish,Banjar Sambangan,Product Management,,false
418,Hinda,Winters,hwintersbl@free.fr,Female,9/23/2016,English,Klutuk,Accounting,0.31,false
419,Gustave,Ertel,gertelbm@va.gov,Male,12/2/2017,English,Antas,Services,,false
420,Sylvia,McKirdy,smckirdybn@ucoz.com,Female,4/10/2016,Swedish,Huai’an,Services,,false
421,Sharline,Winfindine,swinfindinebo@storify.com,Female,1/24/2018,Swedish,Sergelen,Accounting,,false
422,Florinda,Pryell,fpryellbp@vkontakte.ru,Female,7/25/2016,English,Nyazura,Support,,false
423,Robinson,Robak,rrobakbq@domainmarket.com,Male,4/12/2019,English,Shensuo,Sales,,false
424,Patrizius,Paolinelli,ppaolinellibr@apache.org,Male,3/9/2017,Swedish,Krugersdorp,Research and Development,,false
425,Sumner,Castagne,scastagnebs@vk.com,Male,1/16/2016,German,Kamyanyuki,Services,0.87,false
426,Audrie,MacPaike,amacpaikebt@creativecommons.org,Female,2/27/2016,Swedish,Huanggang,Accounting,,false
427,Abdul,Garioch,agariochbu@google.com.br,Male,12/31/2017,German,Kiukasen,Business Development,,false
428,Colly,McClary,cmcclarybv@webnode.com,Female,6/5/2017,German,Krychaw,Training,0.9,false
429,Aimil,Pedel,apedelbw@rakuten.co.jp,Female,12/13/2017,Swedish,Pyetrykaw,Business Development,,false
430,Kile,McCaffrey,kmccaffreybx@yelp.com,Male,3/29/2019,Swedish,Naguilian,Product Management,0.78,false
431,Theodoric,Francomb,tfrancombby@cam.ac.uk,Male,4/3/2018,Swedish,Kota Kinabalu,Legal,0.99,false
432,Araldo,Escalera,aescalerabz@wikimedia.org,Male,3/2/2016,German,Banjar Bengkelgede,Business Development,0.92,false
433,Amie,Hassur,ahassurc0@google.ca,Female,6/10/2016,Swedish,Liutangting,Product Management,0.65,false
434,Auguste,Couser,acouserc1@posterous.com,Female,7/15/2019,Swedish,Krrabë,Marketing,,false
435,Sergio,Orred,sorredc2@nbcnews.com,Male,11/22/2016,Swedish,Kazimierz Dolny,Sales,,false
436,Gwenore,Staziker,gstazikerc3@weather.com,Female,7/18/2019,English,Tver,Marketing,,false
437,Ninnette,Beagin,nbeaginc4@last.fm,Female,8/28/2016,Swedish,Nāḩiyat Alī ash Sharqī,Services,,false
438,Jana,Taylour,jtaylourc5@hexun.com,Female,4/4/2019,German,Alegrete,Support,0.14,false
439,Gabbey,Goning,ggoningc6@bing.com,Female,9/18/2017,Swedish,Jauja,Marketing,0.05,false
440,Buddie,Hodjetts,bhodjettsc7@trellian.com,Male,9/7/2019,German,Kalmar,Legal,,false
441,Lonnie,Bolte,lboltec8@howstuffworks.com,Male,4/25/2017,English,Gambiran,Sales,0.83,false
442,Maurita,Seggie,mseggiec9@a8.net,Female,1/28/2018,German,Semënov,Engineering,,false
443,Cazzie,Sterling,csterlingca@dropbox.com,Male,3/30/2018,English,Widorokandang,Sales,0.61,false
444,Kenton,Klimecki,kklimeckicb@discovery.com,Male,1/7/2016,German,Baní,Human Resources,,false
445,Lissie,Isgate,lisgatecc@unicef.org,Female,11/2/2016,Swedish,Patsi,Legal,0.97,false
446,Sauncho,Attawell,sattawellcd@ihg.com,Male,12/23/2017,Swedish,Mogi Guaçu,Marketing,0.98,false
447,Shawna,Taree,stareece@springer.com,Female,7/22/2016,German,Hamburg,Support,0.14,false
448,Will,Tabourier,wtabouriercf@shareasale.com,Male,8/12/2016,Swedish,Ternovka,Sales,0.45,false
449,Keane,Sproul,ksproulcg@accuweather.com,Male,10/1/2019,German,San Pascual,Support,0.97,false
450,Stevy,Kindread,skindreadch@liveinternet.ru,Male,12/23/2016,Swedish,Bonao,Business Development,0.41,false
451,Gifford,Roo,grooci@goo.ne.jp,Male,6/5/2018,English,Sicaya,Product Management,0.4,false
452,Whit,Feacham,wfeachamcj@odnoklassniki.ru,Male,1/6/2016,German,Dongzhang,Engineering,,false
453,Irwin,Leveritt,ileverittck@fema.gov,Male,9/16/2016,German,Foúrnoi,Accounting,0.47,false
454,Darice,Jaggar,djaggarcl@zdnet.com,Female,12/21/2016,Swedish,Massaguet,Legal,,false
455,Rasla,Priestley,rpriestleycm@mit.edu,Female,8/27/2016,German,Wangdian,Services,0.08,false
456,Collette,Hutchison,chutchisoncn@alexa.com,Female,7/18/2019,German,Gondar,Product Management,,false
457,Siward,Playdon,splaydonco@cdbaby.com,Male,9/2/2017,German,Salon-de-Provence,Product Management,0.1,false
458,Maryanna,Mergue,mmerguecp@spiegel.de,Female,6/29/2019,German,Xiongchi,Marketing,0.68,false
459,Janeczka,Cowper,jcowpercq@springer.com,Female,3/12/2017,English,Dordrecht,Training,0.32,false
460,Bard,Liggons,bliggonscr@hp.com,Male,9/18/2018,English,Karak City,Engineering,0.51,false
461,Germaine,Bennion,gbennioncs@tuttocitta.it,Male,10/8/2017,Swedish,Sintansin,Human Resources,,false
462,Stearn,McFade,smcfadect@ehow.com,Male,9/16/2019,German,Cartagena,Sales,,false
463,Melinde,Bemlott,mbemlottcu@wikimedia.org,Female,5/7/2017,English,Jati,Support,,false
464,Igor,Wimpress,iwimpresscv@vinaora.com,Male,5/2/2019,German,Francova Lhota,Marketing,,false
465,Nealson,Kopps,nkoppscw@bing.com,Male,5/26/2018,Swedish,Lewolere,Research and Development,0.77,false
466,Filmore,Scriven,fscrivencx@eepurl.com,Male,7/4/2017,Swedish,Hadāli,Business Development,,false
467,Boniface,Gai,bgaicy@ucsd.edu,Male,7/9/2016,German,Igrim,Research and Development,,false
468,Niki,Hawkswood,nhawkswoodcz@tuttocitta.it,Female,9/14/2016,German,Mailsi,Legal,0.86,false
469,Eolanda,Kimmerling,ekimmerlingd0@cyberchimps.com,Female,6/14/2018,German,Bunigeulis,Services,,false
470,Jarrod,Nisen,jnisend1@csmonitor.com,Male,9/4/2018,Swedish,Heshang,Accounting,,false
471,Stephan,Zorro,szorrod2@shutterfly.com,Male,5/28/2017,Swedish,Terny,Sales,0.61,false
472,Tiebold,Gemelli,tgemellid3@google.co.jp,Male,7/9/2016,Swedish,Muro,Engineering,,false
473,Edvard,Tuson,etusond4@jigsy.com,Male,7/8/2016,Swedish,Moju,Human Resources,0.95,false
474,Dino,Staines,dstainesd5@buzzfeed.com,Male,1/13/2017,English,Khao Wong,Services,,false
475,Locke,Arundel,larundeld6@instagram.com,Male,5/21/2017,German,Campurrejo,Engineering,,false
476,Robbie,Ellett,rellettd7@digg.com,Female,2/7/2018,Swedish,Gornyy,Product Management,0.98,false
477,Sherwin,Gannon,sgannond8@photobucket.com,Male,1/3/2016,Swedish,Salgado,Sales,0.13,false
478,Gordon,Van der Krui,gvanderkruid9@lycos.com,Male,6/17/2016,Swedish,Miskolc,Support,,false
479,Mariejeanne,Frediani,mfredianida@vistaprint.com,Female,1/1/2016,English,Lodhrān,Accounting,0.8,false
480,Nanci,Skule,nskuledb@washington.edu,Female,4/28/2018,German,Волочаевское,Business Development,,false
481,Lucias,Sommerly,lsommerlydc@apache.org,Male,6/27/2019,English,Gunan,Engineering,0.78,false
482,Heath,Esmonde,hesmondedd@mlb.com,Male,4/11/2019,English,Liuxiang,Product Management,,false
483,Lemuel,Rue,lruede@list-manage.com,Male,6/30/2016,English,Rantaupanjang,Marketing,,false
484,Kassandra,Menloe,kmenloedf@sourceforge.net,Female,11/11/2018,English,Fasi,Research and Development,,false
485,Guillema,Mulqueen,gmulqueendg@nsw.gov.au,Female,2/29/2016,Swedish,Lishu,Training,0.72,false
486,Margaret,Tillyer,mtillyerdh@dedecms.com,Female,4/29/2019,Swedish,Villa Francisca,Research and Development,,false
487,Rubia,Guilbert,rguilbertdi@feedburner.com,Female,11/14/2017,English,Laba Goumen,Legal,0.08,false
488,Mignonne,Vincent,mvincentdj@angelfire.com,Female,6/17/2017,Swedish,El Mirador,Services,0.46,false
489,Gaston,Giamuzzo,ggiamuzzodk@patch.com,Male,1/10/2019,German,Jetak,Services,0.22,false
490,Bondy,Filyashin,bfilyashindl@360.cn,Male,3/14/2018,Swedish,Awilega,Research and Development,0.5,false
491,Babb,Ricoald,bricoalddm@baidu.com,Female,11/18/2017,German,Gondifelos,Training,0.74,false
492,Ronnie,Klimaszewski,rklimaszewskidn@example.com,Male,3/29/2019,German,Seoam,Sales,0.47,false
493,Camala,Cereceres,ccereceresdo@alexa.com,Female,4/22/2016,Swedish,Złotoryja,Support,0.84,false
494,Tallie,Staddon,tstaddondp@miibeian.gov.cn,Female,3/26/2018,German,Las Animas,Human Resources,,false
495,Caitrin,Southernwood,csouthernwooddq@nyu.edu,Female,2/18/2019,German,Qümong,Engineering,,false
496,Klaus,Kachel,kkacheldr@chicagotribune.com,Male,8/21/2016,German,Umburarameha,Product Management,,false
497,Bat,Nardoni,bnardonids@census.gov,Male,9/26/2018,German,Takehara,Engineering,,false
498,Chrysa,Fickling,cficklingdt@phoca.cz,Female,6/24/2019,German,Bailai,Sales,0.13,false
499,Caddric,Fante,cfantedu@icio.us,Male,6/30/2016,Swedish,Wenquan,Engineering,,false
500,Seana,Morphet,smorphetdv@feedburner.com,Female,7/27/2017,German,Thị Trấn Yên Thế,Services,,false
501,Tarrance,Gellett,tgellettdw@google.com,Male,5/18/2018,German,Vallenar,Engineering,,false
502,Trina,Blackhall,tblackhalldx@flavors.me,Female,6/4/2019,Swedish,Strathmore,Business Development,0.71,false
503,Pyotr,Loud,plouddy@parallels.com,Male,9/27/2019,English,Gubin,Support,,false
504,Amata,Callow,acallowdz@examiner.com,Female,4/22/2017,English,Batakte,Business Development,0.05,false
505,Tamra,MacVaugh,tmacvaughe0@zdnet.com,Female,10/9/2018,German,Rogóźno,Business Development,,false
506,Efrem,Sinyard,esinyarde1@hostgator.com,Male,9/12/2016,English,Dengteke,Marketing,,false
507,Robby,Livesley,rlivesleye2@storify.com,Male,1/21/2017,German,Yanjiang,Business Development,0.88,false
508,Merv,Romaynes,mromaynese3@loc.gov,Male,11/9/2016,German,Stakhanov,Product Management,0.74,false
509,Lorin,Coulman,lcoulmane4@ning.com,Male,6/25/2018,Swedish,Lazaro Cardenas,Services,,false
510,Cicily,Firbank,cfirbanke5@arstechnica.com,Female,12/30/2016,Swedish,Pangkalan,Marketing,0.07,false
511,Emory,Rodman,erodmane6@newsvine.com,Male,3/18/2018,English,Sivaki,Human Resources,,false
512,Corry,Hasney,chasneye7@ibm.com,Female,8/26/2018,English,Aurora,Sales,,false
513,Alf,Hiner,ahinere8@mac.com,Male,4/15/2016,English,Vareiá,Services,0.95,false
514,Morgan,Welford,mwelforde9@domainmarket.com,Male,9/10/2019,Swedish,Solna,Services,0.05,false
515,Ari,Hablet,ahabletea@mediafire.com,Male,5/22/2018,Swedish,Carlos Tejedor,Legal,0.14,false
516,Braden,Spensly,bspenslyeb@photobucket.com,Male,2/20/2016,German,Santa Venera,Business Development,1.0,false
517,Emmerich,Folshom,efolshomec@msn.com,Male,5/28/2017,English,Birigui,Legal,0.23,false
518,Gwyneth,Hubach,ghubached@ycombinator.com,Female,7/29/2017,English,Sabóia,Services,,false
519,Andree,Dodworth,adodworthee@lulu.com,Female,3/18/2016,English,Klutuk,Accounting,,false
520,Tull,Buckthorp,tbuckthorpef@printfriendly.com,Male,10/5/2017,English,Dallas,Marketing,,false
521,Raynell,Saggers,rsaggerseg@naver.com,Female,1/2/2016,English,Sangat,Product Management,0.94,false
522,Blake,Cundict,bcundicteh@imdb.com,Male,7/4/2019,German,Mujiangping,Business Development,0.34,false
523,Roland,O'Lennane,rolennaneei@163.com,Male,12/15/2017,Swedish,Alupay,Business Development,0.1,false
524,Onfroi,Sutterby,osutterbyej@businessinsider.com,Male,3/5/2018,German,Dongchong,Marketing,0.4,false
525,Starlin,Stanworth,sstanworthek@paginegialle.it,Female,4/22/2018,German,Joal-Fadiout,Business Development,,false
526,Buck,Lebreton,blebretonel@creativecommons.org,Male,3/2/2016,German,Bāglung,Sales,,false
527,Burty,Pick,bpickem@opensource.org,Male,3/21/2019,German,Vitória da Conquista,Marketing,,false
528,Tracy,Hairyes,thairyesen@yelp.com,Male,9/23/2018,English,Caxias do Sul,Product Management,0.71,false
529,Alfred,McAuley,amcauleyeo@hp.com,Male,10/6/2017,English,Aranđelovac,Product Management,,false
530,Ashely,Chimes,achimesep@aboutads.info,Female,5/15/2019,German,Suphan Buri,Training,0.12,false
531,Devi,Alty,daltyeq@wordpress.com,Female,8/23/2019,Swedish,Bandong,Product Management,0.55,false
532,Cassie,Parmiter,cparmiterer@blinklist.com,Female,1/9/2019,English,Irirum,Sales,,false
533,Thoma,Willmott,twillmottes@bluehost.com,Male,5/3/2018,English,Dananyu,Training,0.02,false
534,Carri,Connick,cconnicket@yale.edu,Female,6/11/2018,Swedish,General Roca,Accounting,0.39,false
535,Amalia,Lasseter,alassetereu@blogspot.com,Female,3/6/2018,English,Szczerców,Marketing,,false
536,Petronilla,Brambill,pbrambillev@shutterfly.com,Female,8/30/2018,Swedish,Cruces,Sales,,false
537,Konstance,Patmore,kpatmoreew@hp.com,Female,7/18/2017,English,Jacksonville,Sales,,false
538,Christean,Garr,cgarrex@mayoclinic.com,Female,7/21/2017,English,Lachowice,Product Management,,false
539,Jesus,Whitfeld,jwhitfeldey@howstuffworks.com,Male,5/10/2018,Swedish,Donghai,Legal,,false
540,Arlee,Glavias,aglaviasez@ocn.ne.jp,Female,7/19/2018,Swedish,Gwaram,Accounting,,false
541,Christine,Bugdall,cbugdallf0@loc.gov,Female,9/28/2017,English,Girang,Human Resources,,false
542,Graehme,Medlicott,gmedlicottf1@a8.net,Male,10/12/2017,German,Gaiyang,Legal,0.46,false
543,Paton,Gier,pgierf2@g.co,Male,8/19/2017,Swedish,Rancaseneng,Product Management,,false
544,John,Ravenscroft,jravenscroftf3@1und1.de,Male,10/17/2017,Swedish,Gawul,Legal,0.55,false
545,Sande,Kiddle,skiddlef4@biglobe.ne.jp,Female,6/8/2016,Swedish,Khinjān,Marketing,,false
546,Emlyn,Casolla,ecasollaf5@bing.com,Male,4/16/2017,Swedish,Dubu,Marketing,0.42,false
547,Freida,Currom,fcurromf6@stanford.edu,Female,2/12/2019,English,Annecy,Human Resources,,false
548,Woodie,Luquet,wluquetf7@usda.gov,Male,7/31/2019,English,Waerana,Human Resources,0.03,false
549,Derrick,Bantock,dbantockf8@who.int,Male,4/7/2019,English,Bairro dos Marinheiros,Human Resources,0.19,false
550,Teodor,Beasleigh,tbeasleighf9@who.int,Male,6/15/2018,German,Hyattsville,Services,0.14,false
551,Carlyle,Bussell,cbussellfa@tinyurl.com,Male,10/12/2017,English,Cuauhtemoc,Legal,,false
552,Tanhya,Rewcassell,trewcassellfb@who.int,Female,3/3/2018,English,Sintansin,Legal,,false
553,Anna,MacVagh,amacvaghfc@shareasale.com,Female,12/20/2016,German,Wongaya Kaja,Product Management,0.85,false
554,Agneta,Hasney,ahasneyfd@nih.gov,Female,9/22/2017,German,Hedao,Engineering,,false
555,Elvyn,Padley,epadleyfe@java.com,Male,4/2/2018,German,Troyes,Business Development,,false
556,Clifford,Given,cgivenff@bloglovin.com,Male,3/22/2017,Swedish,Mancogeh,Sales,,false
557,Petronella,Gerlts,pgerltsfg@fastcompany.com,Female,4/27/2019,Swedish,Bayang,Accounting,0.82,false
558,Shurlock,Robinett,srobinettfh@discovery.com,Male,1/21/2016,Swedish,Sihe,Marketing,,false
559,Gray,Capes,gcapesfi@sciencedaily.com,Female,1/1/2017,Swedish,Paranho,Training,0.62,false
560,Barrie,Gozard,bgozardfj@guardian.co.uk,Male,7/16/2016,Swedish,Peza e Madhe,Support,0.16,false
561,Reece,Thatcher,rthatcherfk@yelp.com,Male,10/24/2018,German,Gião,Legal,,false
562,Allys,Capp,acappfl@gov.uk,Female,4/21/2016,English,La Esperanza,Support,,false
563,Cherlyn,Pentony,cpentonyfm@xrea.com,Female,8/29/2019,English,Tanda,Product Management,,false
564,Sherilyn,O'Donohue,sodonohuefn@elpais.com,Female,1/11/2016,English,Yangjiapo,Sales,,false
565,Kayley,Featherstone,kfeatherstonefo@thetimes.co.uk,Female,3/21/2017,German,Gondar,Marketing,,false
566,Zacharie,Dalton,zdaltonfp@webmd.com,Male,10/31/2017,Swedish,Zhendu,Accounting,,false
567,Milli,Fenty,mfentyfq@flavors.me,Female,11/3/2018,Swedish,Knyaginino,Legal,,false
568,Perry,Kaysor,pkaysorfr@etsy.com,Female,8/26/2019,German,Cahuacho,Training,0.76,false
569,Danette,Chesterton,dchestertonfs@chronoengine.com,Female,8/1/2018,Swedish,Cherbourg-Octeville,Support,,false
570,Tandi,Locard,tlocardft@soundcloud.com,Female,8/21/2017,German,Sambilawang,Accounting,,false
571,Hadlee,Rosingdall,hrosingdallfu@europa.eu,Male,5/1/2019,Swedish,Juncheng,Product Management,,false
572,Adriano,Carding,acardingfv@addtoany.com,Male,5/19/2016,German,Legionowo,Support,0.91,false
573,Gardener,Darell,gdarellfw@flickr.com,Male,3/7/2019,Swedish,Kishorganj,Product Management,,false
574,Erie,Dewar,edewarfx@nasa.gov,Male,10/6/2018,German,Fontenay-sous-Bois,Training,0.39,false
575,Teena,Milesap,tmilesapfy@latimes.com,Female,9/30/2017,English,Guazhou,Human Resources,,false
576,Keene,Frenchum,kfrenchumfz@admin.ch,Male,6/19/2017,Swedish,Olenegorsk,Business Development,0.12,false
577,Othello,Reedshaw,oreedshawg0@xinhuanet.com,Male,10/27/2018,German,Rędziny,Support,0.39,false
578,Davita,Hegel,dhegelg1@livejournal.com,Female,11/10/2017,German,Dubai,Engineering,,false
579,Orella,Cregg,ocreggg2@lulu.com,Female,10/13/2018,German,Santa Lucia,Human Resources,0.83,false
580,Briant,Murfill,bmurfillg3@oakley.com,Male,5/18/2017,Swedish,Xitiangezhuang,Support,,false
581,Franky,Alvis,falvisg4@nydailynews.com,Female,6/3/2016,English,Cabittaogan,Accounting,,false
582,Marcelline,Horley,mhorleyg5@senate.gov,Female,4/29/2016,English,Jargalant,Business Development,,false
583,Sarena,Hindhaugh,shindhaughg6@si.edu,Female,5/3/2017,English,Santa Clara,Human Resources,,false
584,Ellerey,Deehan,edeehang7@wsj.com,Male,4/9/2019,English,Osek nad Bečvou,Human Resources,,false
585,Rolfe,Chaffer,rchafferg8@hugedomains.com,Male,1/10/2017,Swedish,Labangka Satu,Accounting,0.19,false
586,Heath,Marlin,hmarling9@trellian.com,Male,4/3/2019,English,Kadujangkung,Engineering,,false
587,Nels,Franz,nfranzga@woothemes.com,Male,9/30/2019,English,Heshui,Sales,0.96,false
588,Rockie,Clemmey,rclemmeygb@ning.com,Male,1/4/2016,English,Zhongxi,Marketing,,false
589,Roselle,Claffey,rclaffeygc@51.la,Female,2/10/2017,English,Cheongju-si,Training,,false
590,Isobel,Broadwell,ibroadwellgd@odnoklassniki.ru,Female,7/22/2019,Swedish,Ubrub,Product Management,0.99,false
591,Viva,Hully,vhullyge@google.de,Female,2/8/2019,German,Gradac,Training,0.21,false
592,Atlanta,Kenwright,akenwrightgf@scribd.com,Female,12/15/2016,Swedish,Le Mans,Product Management,,false
593,Alonzo,Guidini,aguidinigg@columbia.edu,Male,9/8/2019,English,Petrijevci,Human Resources,0.87,false
594,Kettie,Deere,kdeeregh@instagram.com,Female,4/16/2017,English,Shangganshan,Accounting,0.23,false
595,Lexy,Livett,llivettgi@howstuffworks.com,Female,7/9/2016,English,Ikeda,Sales,,false
596,Ciro,Hanford,chanfordgj@opera.com,Male,10/9/2019,Swedish,Zehak,Marketing,0.18,false
597,Emmy,Willacot,ewillacotgk@pcworld.com,Female,5/19/2018,English,Qulaybīyah,Product Management,0.48,false
598,Wolfie,Spoors,wspoorsgl@sourceforge.net,Male,2/7/2018,German,Camgyai,Legal,0.98,false
599,Brewer,Richardin,brichardingm@rakuten.co.jp,Male,1/27/2017,English,Benniu,Business Development,,false
600,Nanete,Lesurf,nlesurfgn@cornell.edu,Female,4/9/2017,Swedish,Karangsonojabon,Training,,false
601,Robb,Impy,rimpygo@ed.gov,Male,10/20/2018,English,Leeds,Product Management,,false
602,Bing,Millichip,bmillichipgp@chicagotribune.com,Male,5/27/2016,English,Cabeças Verdes,Legal,,false
603,Arlan,Housen,ahousengq@webeden.co.uk,Male,1/9/2019,German,Hancheng,Business Development,0.49,false
604,Vern,Wolfenden,vwolfendengr@huffingtonpost.com,Male,12/13/2017,Swedish,Jäppilä,Accounting,,false
605,Reinhold,Heimann,rheimanngs@soup.io,Male,6/11/2017,German,Sviadnov,Human Resources,,false
606,Alyse,Franck,afranckgt@tripadvisor.com,Female,6/16/2017,German,Nanhai,Product Management,0.66,false
607,Abelard,Zanazzi,azanazzigu@japanpost.jp,Male,6/21/2017,English,Gereshk,Accounting,,false
608,Heinrick,Hamshere,hhamsheregv@goodreads.com,Male,6/1/2016,English,Ailibugai,Engineering,,false
609,Austin,Edy,aedygw@census.gov,Male,12/18/2016,Swedish,Karkkila,Human Resources,,false
610,Danit,Gloucester,dgloucestergx@imdb.com,Female,6/17/2017,English,Kanbula,Legal,,false
611,Jenica,Scowen,jscowengy@hatena.ne.jp,Female,7/20/2017,Swedish,Texíguat,Legal,,false
612,Martguerita,Ithell,mithellgz@wikia.com,Female,1/9/2018,Swedish,La Plaine-Saint-Denis,Support,,false
613,Damaris,Fretter,dfretterh0@independent.co.uk,Female,2/19/2019,German,Dalu,Training,0.99,false
614,Katusha,Kingham,kkinghamh1@independent.co.uk,Female,2/15/2018,Swedish,Taipei,Support,0.48,false
615,Emmie,Santry,esantryh2@etsy.com,Female,12/9/2016,English,Kamennogorsk,Research and Development,,false
616,Moss,Tremelling,mtremellingh3@twitpic.com,Male,12/18/2017,Swedish,Niedrzwica Duża,Training,0.96,false
617,Rebecca,Tamblingson,rtamblingsonh4@storify.com,Female,7/17/2018,Swedish,Pondokwungu,Marketing,0.19,false
618,Rosemonde,Iannetti,riannettih5@about.me,Female,9/9/2017,English,Mahdia,Product Management,0.91,false
619,Marybelle,Sorel,msorelh6@time.com,Female,2/16/2016,German,Akunk’,Engineering,0.27,false
620,Sean,Teather,steatherh7@altervista.org,Female,2/1/2016,German,Cuyotenango,Human Resources,,false
621,Keir,Tims,ktimsh8@naver.com,Male,10/25/2016,German,Křižanov,Sales,,false
622,Ermin,Norcock,enorcockh9@tinyurl.com,Male,1/3/2018,English,Rantīs,Services,0.84,false
623,Eberto,Rose,eroseha@xrea.com,Male,8/29/2019,German,Íasmos,Sales,0.4,false
624,Malina,Fylan,mfylanhb@google.fr,Female,12/20/2016,English,Pīshvā,Accounting,,false
625,Jennie,Reedyhough,jreedyhoughhc@theguardian.com,Female,8/30/2018,Swedish,Sāqayn,Training,,false
626,Roberta,Galliver,rgalliverhd@marriott.com,Female,5/3/2017,German,Shiḩan as Suflá,Legal,0.4,false
627,Brendin,Drohane,bdrohanehe@plala.or.jp,Male,5/9/2018,German,Lamawan,Support,,false
628,Harmonie,Stiggles,hstiggleshf@lulu.com,Female,7/10/2019,Swedish,Staré Město,Research and Development,,false
629,Chryste,Poole,cpoolehg@diigo.com,Female,1/20/2018,English,Curitibanos,Legal,,false
630,Nanny,Douse,ndousehh@uiuc.edu,Female,5/22/2017,German,Vân Đình,Research and Development,,false
631,Lara,Sadgrove,lsadgrovehi@dion.ne.jp,Female,6/22/2019,Swedish,Rayevskiy,Research and Development,,false
632,Vite,Jackways,vjackwayshj@posterous.com,Male,3/3/2018,English,San Vicente,Research and Development,,false
633,Anatol,Eborn,aebornhk@tmall.com,Male,2/20/2016,Swedish,Kladanj,Accounting,0.04,false
634,Rafa,Such,rsuchhl@odnoklassniki.ru,Female,6/23/2019,English,Pego Longo,Engineering,,false
635,Garold,Willavoys,gwillavoyshm@usda.gov,Male,5/2/2017,German,Río Grande,Business Development,,false
636,Annora,Leverington,aleveringtonhn@upenn.edu,Female,9/14/2017,English,Damawato,Services,,false
637,Sallyanne,Dalliwatr,sdalliwatrho@histats.com,Female,1/19/2017,Swedish,Gelap,Services,0.55,false
638,Hamish,Scoullar,hscoullarhp@liveinternet.ru,Male,12/21/2017,Swedish,Visby,Engineering,0.31,false
639,Lockwood,Goodbourn,lgoodbournhq@trellian.com,Male,1/5/2018,English,Zengtian,Support,,false
640,Baryram,Silverson,bsilversonhr@google.es,Male,8/18/2018,Swedish,Wenxi,Training,,false
641,Germayne,Clamp,gclamphs@sohu.com,Male,12/15/2016,German,Leluo,Services,0.37,false
642,Sanford,Chappell,schappellht@dion.ne.jp,Male,5/1/2019,German,Nyima,Sales,,false
643,Hewe,Durnill,hdurnillhu@diigo.com,Male,3/11/2019,Swedish,Odemira,Business Development,,false
644,Francisco,O'Dempsey,fodempseyhv@tinypic.com,Male,5/2/2016,English,Chincha Baja,Accounting,,false
645,Audi,Janaszewski,ajanaszewskihw@ebay.co.uk,Female,1/29/2017,German,Valejas,Support,,false
646,Lola,Spoerl,lspoerlhx@mtv.com,Female,11/21/2018,Swedish,Pniewy,Sales,,false
647,Merrill,Morgan,mmorganhy@constantcontact.com,Male,2/22/2016,English,Soissons,Engineering,0.96,false
648,Cristine,Banbrook,cbanbrookhz@businesswire.com,Female,6/27/2017,German,Zuru,Legal,0.55,false
649,Hamlin,Kemmons,hkemmonsi0@mayoclinic.com,Male,7/22/2017,German,Banhā,Product Management,,false
650,Dory,Laval,dlavali1@imgur.com,Male,3/26/2016,English,Beiwa,Product Management,0.99,false
651,Diandra,Raoult,draoulti2@t.co,Female,4/16/2016,English,San Marcos,Human Resources,,false
652,Maritsa,Broadstock,mbroadstocki3@tumblr.com,Female,7/7/2017,English,Xuwei,Support,0.44,false
653,Felicle,Hendin,fhendini4@icio.us,Female,12/9/2017,German,Cowansville,Services,0.6,false
654,Chester,Klee,ckleei5@oaic.gov.au,Male,8/3/2019,English,Kawangkoan,Sales,,false
655,Ericha,Ree,ereei6@nbcnews.com,Female,5/19/2018,English,Faḩmah,Accounting,,false
656,Kaela,Attwool,kattwooli7@state.gov,Female,6/10/2019,English,Shuangjing,Human Resources,,false
657,Randy,Janca,rjancai8@berkeley.edu,Male,8/21/2016,Swedish,Stebnyk,Legal,,false
658,Troy,Lailey,tlaileyi9@weebly.com,Male,8/20/2017,German,Novoalekseyevskaya,Engineering,,false
659,Guillemette,Taylo,gtayloia@skyrock.com,Female,6/24/2019,Swedish,Jiangpu,Training,0.33,false
660,Barnebas,Proudman,bproudmanib@phoca.cz,Male,5/7/2016,English,Farīmān,Engineering,0.42,false
661,Dag,Donaher,ddonaheric@si.edu,Male,9/28/2018,English,Riangbao,Product Management,0.33,false
662,Trude,Craighill,tcraighillid@latimes.com,Female,4/9/2016,English,Sidonganti,Business Development,,false
663,Mort,Collicott,mcollicottie@zdnet.com,Male,9/15/2017,German,Sidi Qacem,Product Management,,false
664,Gabi,Radden,graddenif@weebly.com,Male,9/28/2019,German,Lamawalang,Human Resources,,false
665,Ansel,Scherer,aschererig@blogs.com,Male,3/18/2018,Swedish,Évreux,Engineering,0.25,false
666,Susanna,O'Doran,sodoranih@mashable.com,Female,8/9/2018,German,Padang,Human Resources,,false
667,Sadella,Prosek,sprosekii@un.org,Female,1/19/2016,German,Dourados,Human Resources,,false
668,Olive,Relph,orelphij@is.gd,Female,5/2/2016,English,Liaonan,Support,,false
669,Nady,Prazor,nprazorik@chron.com,Female,5/13/2016,English,Toktogul,Support,,false
670,Cecelia,Whittuck,cwhittuckil@eepurl.com,Female,11/29/2016,English,Karney Shomron,Accounting,0.99,false
671,Fonz,Rubinlicht,frubinlichtim@ihg.com,Male,8/30/2018,German,Yangshuo,Marketing,,false
672,Standford,Willimot,swillimotin@biblegateway.com,Male,3/21/2016,German,Xiliguantun,Sales,0.92,false
673,Farlee,Punshon,fpunshonio@mapquest.com,Male,9/12/2016,German,Ninh Giang,Legal,,false
674,Ritchie,Rawkesby,rrawkesbyip@businesswire.com,Male,5/10/2016,German,Krzczonów,Accounting,0.49,false
675,Charita,Pindred,cpindrediq@ehow.com,Female,4/26/2016,German,Choya,Accounting,,false
676,Janaya,Hegges,jheggesir@globo.com,Female,6/30/2017,Swedish,Haixing,Product Management,,false
677,Gwendolin,Klimentov,gklimentovis@huffingtonpost.com,Female,6/13/2017,English,Balaka,Business Development,0.71,false
678,Rorke,Shillitto,rshillittoit@unesco.org,Male,11/7/2018,Swedish,Guinsang-an,Business Development,0.22,false
679,Amabel,Trelease,atreleaseiu@cnet.com,Female,1/3/2019,English,Sawo,Product Management,,false
680,Moll,O'Deoran,modeoraniv@163.com,Female,3/24/2016,German,Sumberwaru,Legal,,false
681,Kaine,Gerritsma,kgerritsmaiw@webeden.co.uk,Male,9/26/2016,Swedish,Bov,Business Development,0.67,false
682,Margret,Caldeiro,mcaldeiroix@japanpost.jp,Female,4/24/2019,English,Staré Hradiště,Training,0.23,false
683,Emily,Henworth,ehenworthiy@symantec.com,Female,6/5/2019,English,Poroshkovo,Business Development,,false
684,Rolando,Hodgon,rhodgoniz@wix.com,Male,7/26/2019,English,Anle,Product Management,0.95,false
685,Annamarie,Gradley,agradleyj0@pagesperso-orange.fr,Female,2/20/2019,Swedish,Gazojak,Research and Development,0.04,false
686,Reagan,Mallord,rmallordj1@over-blog.com,Male,2/5/2016,Swedish,Las Vegas,Legal,,false
687,Terri,St. Paul,tstpaulj2@technorati.com,Female,3/3/2017,English,Si Mahosot,Sales,,false
688,Hazlett,Waterhouse,hwaterhousej3@canalblog.com,Male,7/3/2018,Swedish,Tangxi,Human Resources,0.76,false
689,Valene,Epps,veppsj4@walmart.com,Female,3/22/2019,Swedish,Gao’an,Accounting,,false
690,Tyrone,Hupka,thupkaj5@mayoclinic.com,Male,2/14/2018,English,Bato,Research and Development,,false
691,Angelico,Salerg,asalergj6@paypal.com,Male,12/5/2016,Swedish,Kihancha,Sales,,false
692,Dougie,McKelvey,dmckelveyj7@soundcloud.com,Male,12/3/2016,English,Bontoc,Business Development,,false
693,Sheela,Wadlow,swadlowj8@cdbaby.com,Female,4/5/2016,English,Norashen,Human Resources,0.82,false
694,Stillmann,Noli,snolij9@walmart.com,Male,2/11/2017,Swedish,Encruzilhada do Sul,Training,0.83,false
695,Mathian,Beininck,mbeininckja@cpanel.net,Male,9/21/2017,Swedish,Xialu,Services,,false
696,Giorgia,Bottle,gbottlejb@storify.com,Female,1/18/2018,Swedish,Makurdi,Research and Development,,false
697,Reuben,Korbmaker,rkorbmakerjc@bloglovin.com,Male,1/29/2018,German,Tafo,Training,,false
698,Vikky,Tulleth,vtullethjd@phoca.cz,Female,11/18/2017,German,Paseh,Support,,false
699,Rodd,Cabane,rcabaneje@biblegateway.com,Male,6/14/2017,English,Mangga Dua,Services,0.43,false
700,Irene,Linsay,ilinsayjf@apple.com,Female,11/6/2018,German,Dobřív,Research and Development,,false
701,Zeb,Quarles,zquarlesjg@blog.com,Male,2/22/2019,German,Tinta,Research and Development,,false
702,Em,Glavin,eglavinjh@macromedia.com,Male,6/27/2016,English,Kumba,Services,,false
703,Tobin,Clemoes,tclemoesji@wikispaces.com,Male,2/1/2019,English,Neiafu,Training,,false
704,Nathalia,Izkovitch,nizkovitchjj@hostgator.com,Female,6/24/2016,English,Hanjiaji,Marketing,,false
705,Melly,Bartali,mbartalijk@oaic.gov.au,Female,10/21/2016,German,Patrol,Accounting,0.11,false
706,Dame,Dowsing,ddowsingjl@deviantart.com,Male,4/23/2017,Swedish,Maasin,Training,,false
707,Karlotte,Horlick,khorlickjm@1und1.de,Female,5/4/2019,English,Koło,Accounting,,false
708,Harriet,Janse,hjansejn@com.com,Female,9/6/2019,German,Soubré,Business Development,,false
709,Sloan,Le Clercq,sleclercqjo@springer.com,Male,4/30/2019,German,Gaotieling,Support,,false
710,Mady,Small,msmalljp@tripadvisor.com,Female,6/22/2016,Swedish,Dongguan,Services,,false
711,Chandra,Brawn,cbrawnjq@usgs.gov,Female,2/17/2017,Swedish,Vani,Legal,0.24,false
712,Joscelin,Reinger,jreingerjr@globo.com,Female,6/2/2017,German,Dengjiang,Support,,false
713,Horatia,Pettifer,hpettiferjs@bloomberg.com,Female,10/15/2018,Swedish,Ḩarf al Musaytirah,Accounting,,false
714,Cary,Jenner,cjennerjt@aboutads.info,Female,5/12/2016,German,Radziszów,Product Management,,false
715,Dani,Tourner,dtournerju@cpanel.net,Male,3/12/2019,English,Ciudad Vieja,Business Development,,false
716,Jami,Szymon,jszymonjv@mapy.cz,Female,1/8/2017,English,Bergen,Business Development,0.88,false
717,Athene,Cooney,acooneyjw@ifeng.com,Female,3/5/2017,English,Seso,Support,,false
718,Vasilis,Slot,vslotjx@netscape.com,Male,6/20/2017,Swedish,Kęsowo,Product Management,,false
719,Raynor,Stavers,rstaversjy@senate.gov,Male,6/21/2017,English,Noebesa,Marketing,0.42,false
720,Krissie,Kilner,kkilnerjz@studiopress.com,Female,2/24/2019,English,Marcala,Accounting,,false
721,Alvera,Fridd,afriddk0@cmu.edu,Female,5/25/2016,English,La Jicaral,Engineering,1.0,false
722,Fernanda,Ashingden,fashingdenk1@tripod.com,Female,4/22/2016,Swedish,Xijiang,Engineering,,false
723,Lucie,Maxwell,lmaxwellk2@yahoo.com,Female,8/9/2016,German,Dallas,Services,,false
724,Ferd,Learmont,flearmontk3@sphinn.com,Male,5/26/2016,Swedish,Shigongqiao,Marketing,,false
725,Paulita,Hooks,phooksk4@jalbum.net,Female,2/5/2016,German,Dananshan,Research and Development,,false
726,Pernell,Jaimez,pjaimezk5@wikipedia.org,Male,8/29/2017,English,Radā‘,Human Resources,,false
727,Daisy,Cron,dcronk6@about.com,Female,2/6/2018,German,Tsuen Wan,Accounting,0.21,false
728,Andie,Karolovsky,akarolovskyk7@de.vu,Male,4/25/2016,Swedish,Longlisuo,Product Management,,false
729,Jase,Kmieciak,jkmieciakk8@aol.com,Male,9/9/2016,Swedish,Pieńsk,Engineering,,false
730,Lorinda,Bayly,lbaylyk9@ebay.co.uk,Female,7/28/2017,Swedish,Qeshm,Business Development,,false
731,Victoria,Denley,vdenleyka@umich.edu,Female,4/21/2017,English,Kauit,Human Resources,0.39,false
732,Sharleen,Agirre,sagirrekb@deviantart.com,Female,12/31/2016,Swedish,Kulary,Business Development,0.41,false
733,Terrijo,Father,tfatherkc@wordpress.com,Female,1/6/2017,English,Toksovo,Support,0.61,false
734,Marten,Catford,mcatfordkd@google.cn,Male,10/10/2016,German,Zborište,Engineering,,false
735,Gregorio,Kalinovich,gkalinovichke@tamu.edu,Male,10/22/2018,Swedish,Tignoan,Product Management,,false
736,Levey,Aluard,laluardkf@newyorker.com,Male,11/22/2017,German,La Libertad,Accounting,,false
737,Fan,Chidley,fchidleykg@paginegialle.it,Female,5/22/2016,English,Sivaki,Legal,0.82,false
738,Collie,Ballefant,cballefantkh@ucoz.ru,Female,8/16/2016,English,Manding,Engineering,,false
739,Hurlee,Mitkov,hmitkovki@yale.edu,Male,10/26/2017,German,Springfield,Services,,false
740,Jewel,Longcake,jlongcakekj@taobao.com,Female,1/20/2017,English,Yur’yev-Pol’skiy,Legal,,false
741,Fern,Pollicatt,fpollicattkk@oracle.com,Female,10/31/2017,Swedish,Namayingo,Sales,0.15,false
742,Gerardo,Iskowicz,giskowiczkl@imgur.com,Male,4/18/2017,German,Vallenar,Marketing,,false
743,Vina,Tattersdill,vtattersdillkm@disqus.com,Female,1/5/2018,English,Mudon,Services,,false
744,Abra,Watters,awatterskn@whitehouse.gov,Female,5/20/2019,English,San José de las Lajas,Business Development,,false
745,Adan,Querree,aquerreeko@elegantthemes.com,Male,1/6/2019,Swedish,Oslo,Support,0.67,false
746,Milzie,Balazs,mbalazskp@google.pl,Female,5/4/2017,Swedish,Chadian,Human Resources,,false
747,Shawn,Grasser,sgrasserkq@t.co,Male,10/17/2018,Swedish,Krajan Kidul Rojopolo,Engineering,,false
748,Trudi,Lesser,tlesserkr@bbb.org,Female,11/11/2017,German,San Marcos de Colón,Legal,0.83,false
749,Natalya,Dakhno,ndakhnoks@github.com,Female,5/7/2018,English,Belogorskīy,Engineering,0.07,false
750,Ignacio,Bowe,ibowekt@miibeian.gov.cn,Male,3/10/2018,German,Pappádos,Marketing,0.18,false
751,Cory,Robillart,crobillartku@kickstarter.com,Female,2/2/2016,German,Gusev,Human Resources,0.98,false
752,Jessie,Beddis,jbeddiskv@scribd.com,Female,9/6/2016,German,Gornje Živinice,Engineering,,false
753,Asa,Cockerill,acockerillkw@dedecms.com,Male,4/10/2018,German,Peraía,Engineering,,false
754,Justine,Olligan,jolligankx@canalblog.com,Female,4/23/2016,English,Pamedaran,Sales,,false
755,Audrie,Laing,alaingky@bigcartel.com,Female,3/10/2018,Swedish,Caringin,Training,,false
756,Michaela,Niles,mnileskz@mit.edu,Female,7/24/2017,German,Göteborg,Accounting,,false
757,Tana,Doggrell,tdoggrelll0@usatoday.com,Female,3/18/2019,Swedish,Dahuangwei,Product Management,,false
758,Joanna,Molineaux,jmolineauxl1@jimdo.com,Female,3/2/2016,English,Independencia,Training,,false
759,Brose,Brinklow,bbrinklowl2@umn.edu,Male,6/23/2016,Swedish,Vlachovo Březí,Accounting,,false
760,Kira,Gerhardt,kgerhardtl3@phpbb.com,Female,7/28/2018,Swedish,Toulouse,Accounting,0.02,false
761,Jany,Guillem,jguilleml4@i2i.jp,Female,1/17/2019,German,Łeba,Legal,0.29,false
762,Tremain,Yeandel,tyeandell5@google.es,Male,11/25/2017,Swedish,Plottier,Human Resources,,false
763,Sonnnie,Windrass,swindrassl6@pcworld.com,Female,8/30/2017,German,Henglu,Research and Development,,false
764,Lorilee,Daud,ldaudl7@yellowbook.com,Female,4/16/2018,English,Wuquan,Human Resources,,false
765,Averill,Pickett,apickettl8@accuweather.com,Male,7/28/2018,English,Gisiliba,Support,0.67,false
766,Ines,Martinec,imartinecl9@yale.edu,Female,7/1/2016,Swedish,Zafar,Marketing,,false
767,Chrisse,Cubitt,ccubittla@elegantthemes.com,Male,8/7/2017,German,Tyresö,Training,0.65,false
768,Maurizio,Drury,mdrurylb@reverbnation.com,Male,1/9/2016,German,Babakanjaya,Training,,false
769,Carlin,Attrey,cattreylc@usda.gov,Male,1/30/2016,English,Glondong,Engineering,,false
770,Gerhardt,Yakutin,gyakutinld@nymag.com,Male,6/3/2016,English,Tinabogan,Research and Development,,false
771,Bendite,Drinkhill,bdrinkhillle@marketwatch.com,Female,11/19/2017,English,Vila Flor,Training,0.9,false
772,Pat,Cringle,pcringlelf@amazonaws.com,Male,4/24/2018,English,Xiling,Research and Development,0.04,false
773,Aurore,Wilcott,awilcottlg@rambler.ru,Female,3/25/2017,German,Naftalan,Accounting,0.36,false
774,Tiphanie,Willshere,twillsherelh@techcrunch.com,Female,8/20/2018,Swedish,Veliki Grđevac,Research and Development,,false
775,Calida,Petherick,cpetherickli@ovh.net,Female,6/25/2016,English,Gardēz,Legal,,false
776,Mata,Feldbaum,mfeldbaumlj@about.me,Male,3/6/2016,German,Stoney Ground,Product Management,0.23,false
777,Lovell,Shellard,lshellardlk@dot.gov,Male,1/13/2017,German,Shah Alam,Services,,false
778,Jori,Peterken,jpeterkenll@studiopress.com,Female,10/5/2017,Swedish,Qinglong,Training,,false
779,Alessandro,Rao,araolm@odnoklassniki.ru,Male,2/9/2016,German,Halimaung Jaya (F-3),Marketing,0.21,false
780,Jobie,Swale,jswaleln@cnbc.com,Female,10/4/2019,German,Labinot-Mal,Product Management,0.0,false
781,Deborah,Patience,dpatiencelo@w3.org,Female,9/29/2016,Swedish,Pordapor Barat,Research and Development,,false
782,Rickard,Giacaponi,rgiacaponilp@nih.gov,Male,10/23/2017,English,Dunaivtsi,Support,,false
783,Ned,Oyley,noyleylq@imageshack.us,Male,2/11/2019,English,Kurayyimah,Marketing,,false
784,Rebekkah,Stroulger,rstroulgerlr@oakley.com,Female,7/12/2017,English,Rodotópi,Product Management,,false
785,Tally,Skidmore,tskidmorels@exblog.jp,Female,1/3/2016,English,Beibei,Research and Development,0.97,false
786,Sammy,Elcock,selcocklt@over-blog.com,Male,7/21/2018,English,Cana Chapetón,Business Development,0.97,false
787,Lutero,Reece,lreecelu@uol.com.br,Male,4/30/2016,Swedish,Fershampenuaz,Product Management,0.99,false
788,Harcourt,Medd,hmeddlv@usnews.com,Male,4/9/2016,English,Huskvarna,Accounting,,false
789,Thea,Ramas,tramaslw@feedburner.com,Female,2/24/2019,Swedish,Bañga,Business Development,,false
790,Paulie,Ovitz,povitzlx@cam.ac.uk,Female,6/10/2017,Swedish,Cikuning,Sales,0.77,false
791,Farlee,Laffoley-Lane,flaffoleylanely@discuz.net,Male,8/29/2017,German,København,Sales,0.06,false
792,Laverne,Junkinson,ljunkinsonlz@slideshare.net,Female,4/19/2019,Swedish,Zhongying,Training,,false
793,Moe,Dufton,mduftonm0@nih.gov,Male,5/19/2019,English,Ar Riqqah,Product Management,0.03,false
794,Dodi,Blight,dblightm1@toplist.cz,Female,7/16/2018,English,Bolhos,Training,0.24,false
795,Tedi,Seiler,tseilerm2@washingtonpost.com,Female,10/9/2018,German,Kalmar,Marketing,0.59,false
796,Mendie,Egdell,megdellm3@wix.com,Male,10/1/2018,Swedish,Logroño,Training,0.32,false
797,Brana,Mustoo,bmustoom4@google.com.br,Female,9/3/2019,Swedish,Shiraoi,Services,,false
798,Jeddy,Priestnall,jpriestnallm5@bluehost.com,Male,6/2/2018,German,Rancaerang,Training,0.18,false
799,Maritsa,Rankine,mrankinem6@xinhuanet.com,Female,4/1/2018,Swedish,Don Carlos,Sales,0.29,false
800,Bernadette,Thurbon,bthurbonm7@smugmug.com,Female,4/10/2019,English,Portland,Services,,false
801,Marcos,Goley,mgoleym8@infoseek.co.jp,Male,7/11/2018,Swedish,Oetutulul,Human Resources,0.41,false
802,Hattie,Somerville,hsomervillem9@mac.com,Female,1/1/2019,Swedish,Ujungpangkah,Legal,,false
803,Goddart,Husher,ghusherma@constantcontact.com,Male,6/11/2019,Swedish,Bayombong,Research and Development,,false
804,Antoinette,Sudddard,asudddardmb@pinterest.com,Female,5/18/2016,English,Wuli,Training,0.98,false
805,Boony,Crosskell,bcrosskellmc@slate.com,Male,2/12/2017,English,Niihama,Support,0.24,false
806,Pepi,O'Loghlen,pologhlenmd@purevolume.com,Female,1/20/2018,German,城郊,Marketing,,false
807,Rubina,Larwell,rlarwellme@acquirethisname.com,Female,8/19/2018,German,Salsipuedes,Engineering,,false
808,Caldwell,Oxbe,coxbemf@redcross.org,Male,9/7/2016,German,Mŭglizh,Product Management,0.62,false
809,Ebeneser,Abdy,eabdymg@pbs.org,Male,8/21/2019,Swedish,Ndwedwe,Legal,0.3,false
810,Antonie,Andreas,aandreasmh@businessinsider.com,Female,9/17/2019,Swedish,Samashki,Engineering,0.18,false
811,Hesther,Izzett,hizzettmi@wikia.com,Female,9/17/2017,English,Greytown,Accounting,,false
812,Siouxie,Baert,sbaertmj@adobe.com,Female,3/14/2019,German,Jianba,Services,,false
813,Farleigh,Tesmond,ftesmondmk@discovery.com,Male,9/30/2016,English,Greenwood,Engineering,,false
814,Dylan,Cooke,dcookeml@nih.gov,Male,6/14/2016,Swedish,Nizui,Services,,false
815,Emogene,Hadwen,ehadwenmm@altervista.org,Female,9/3/2016,Swedish,Asembagus,Marketing,,false
816,Jamil,Pimmocke,jpimmockemn@edublogs.org,Male,6/16/2016,Swedish,Santander,Services,0.41,false
817,Putnem,Hurkett,phurkettmo@upenn.edu,Male,7/4/2017,German,Changhe,Research and Development,,false
818,Garrik,Screeton,gscreetonmp@admin.ch,Male,9/14/2017,Swedish,Sant Julià de Lòria,Product Management,,false
819,Alys,Gribbon,agribbonmq@netvibes.com,Female,10/3/2018,German,Budapest,Legal,,false
820,Kassandra,Phippin,kphippinmr@t.co,Female,7/19/2018,Swedish,San Vicente,Marketing,,false
821,Durand,Skryne,dskrynems@yelp.com,Male,6/8/2016,Swedish,Uwa,Business Development,,false
822,Carmine,Takle,ctaklemt@lycos.com,Male,2/22/2019,German,Courbevoie,Human Resources,,false
823,Cosmo,Storer,cstorermu@storify.com,Male,7/13/2018,English,Weetombo,Sales,0.56,false
824,Chrissy,Maggill'Andreis,cmaggillandreismv@sakura.ne.jp,Male,8/10/2016,English,Rakičan,Human Resources,,false
825,Thane,Ladloe,tladloemw@livejournal.com,Male,5/10/2019,Swedish,Kastsyukowka,Product Management,0.44,false
826,Karisa,Mathys,kmathysmx@stanford.edu,Female,4/11/2016,Swedish,Tsotsin-Yurt,Services,,false
827,Ali,Swiers,aswiersmy@goodreads.com,Female,3/6/2018,German,Hanjiashu,Legal,,false
828,Rodrick,Lapsley,rlapsleymz@themeforest.net,Male,4/6/2019,German,Goujie,Support,,false
829,Sargent,McCandless,smccandlessn0@amazon.co.jp,Male,3/5/2019,German,São Miguel dos Campos,Engineering,0.01,false
830,Wendel,Persicke,wpersicken1@statcounter.com,Male,3/17/2019,English,Tabālah,Accounting,,false
831,Jackqueline,MacFarlane,jmacfarlanen2@amazon.com,Female,12/11/2017,Swedish,Doāba,Sales,,false
832,Cobbie,Samwyse,csamwysen3@washingtonpost.com,Male,7/3/2017,Swedish,Mata de São João,Accounting,,false
833,Claudina,Paradyce,cparadycen4@privacy.gov.au,Female,12/4/2016,German,Ngelak,Sales,0.51,false
834,Chlo,Pearle,cpearlen5@xinhuanet.com,Female,6/23/2017,German,Wangren,Accounting,,false
835,Tamar,Cushelly,tcushellyn6@gizmodo.com,Female,6/6/2016,English,Capiíbary,Human Resources,,false
836,Robinson,Evert,revertn7@360.cn,Male,12/17/2016,English,Guayabal,Support,,false
837,Seymour,Casburn,scasburnn8@freewebs.com,Male,10/22/2017,German,Yatsuomachi-higashikumisaka,Research and Development,,false
838,Parsifal,Robottom,probottomn9@wikia.com,Male,8/12/2018,German,Xianbao,Research and Development,0.43,false
839,Ingaborg,Frawley,ifrawleyna@boston.com,Female,8/2/2016,German,Jacareí,Human Resources,,false
840,Ruthie,Chiplin,rchiplinnb@narod.ru,Female,9/7/2017,English,Adzopé,Engineering,,false
841,Waldo,Misken,wmiskennc@imdb.com,Male,3/24/2017,Swedish,Khovaling,Accounting,0.89,false
842,Mattheus,Jozef,mjozefnd@delicious.com,Male,9/11/2018,English,Santa Cruz,Sales,,false
843,Phillipp,Gavrielli,pgavrielline@bloglines.com,Male,1/14/2019,English,Jiuxian,Product Management,,false
844,Maia,Pettinger,mpettingernf@blog.com,Female,11/2/2017,Swedish,Shunde,Support,0.18,false
845,Gabriell,Sigars,gsigarsng@youtu.be,Female,8/5/2017,German,Herne,Product Management,,false
846,Mari,Rens,mrensnh@biblegateway.com,Female,6/2/2017,Swedish,Colendra,Support,0.3,false
847,Tommie,Boyett,tboyettni@yahoo.co.jp,Female,10/28/2017,German,Budapest,Product Management,,false
848,Eleanora,Hunstone,ehunstonenj@issuu.com,Female,12/17/2017,Swedish,An Nāşirīyah,Engineering,,false
849,Laraine,MacNeillie,lmacneillienk@eventbrite.com,Female,2/19/2018,English,Huilong,Human Resources,0.02,false
850,Carlene,Franzonello,cfranzonellonl@imgur.com,Female,3/1/2019,Swedish,Vista Alegre,Accounting,,false
851,Damien,Shorton,dshortonnm@mapy.cz,Male,5/11/2016,German,Jichang,Support,0.93,false
852,Leopold,Ravilus,lravilusnn@google.nl,Male,12/19/2016,German,Banyo,Engineering,,false
853,Zelda,Kilmister,zkilmisterno@google.co.uk,Female,5/24/2018,English,Muaraenim,Support,0.23,false
854,Colby,Spadeck,cspadecknp@businessinsider.com,Male,7/4/2019,German,Suining,Training,0.23,false
855,Michaela,Hamby,mhambynq@google.com.au,Female,1/4/2017,German,Pahārpur,Product Management,,false
856,Hobard,Pheby,hphebynr@hhs.gov,Male,8/5/2019,German,Gandzak,Product Management,,false
857,Millard,Boggon,mboggonns@furl.net,Male,7/15/2017,English,Finspång,Support,,false
858,Gwenore,Mangenet,gmangenetnt@msu.edu,Female,11/24/2018,English,Hulitu,Legal,,false
859,Arley,Frankton,afranktonnu@jimdo.com,Male,3/23/2017,Swedish,Karangtengah,Research and Development,,false
860,Aguistin,Freiburger,afreiburgernv@github.io,Male,1/24/2018,German,Pridonskoy,Business Development,,false
861,Gilligan,Loddon,gloddonnw@wufoo.com,Female,7/2/2018,English,Ciguha Tengah,Training,,false
862,Randal,Eakins,reakinsnx@etsy.com,Male,5/30/2016,English,North Shore,Services,0.43,false
863,Josh,Beningfield,jbeningfieldny@barnesandnoble.com,Male,9/12/2016,German,Telêmaco Borba,Business Development,0.29,false
864,Eddi,Inglish,einglishnz@intel.com,Female,3/28/2019,English,Little Current,Marketing,,false
865,Suzanne,Scaice,sscaiceo0@xrea.com,Female,1/12/2019,English,Zhongwei,Marketing,,false
866,Ivette,Youens,iyouenso1@ameblo.jp,Female,8/10/2018,German,Açu,Training,,false
867,Cristionna,Brinded,cbrindedo2@flickr.com,Female,9/10/2019,English,Mberubu,Sales,0.36,false
868,Whitman,Dhillon,wdhillono3@vk.com,Male,4/27/2017,German,Zhenxi,Accounting,0.52,false
869,Hilario,Doram,hdoramo4@hhs.gov,Male,12/25/2017,German,Palermo,Legal,,false
870,Ernest,Trask,etrasko5@salon.com,Male,3/1/2018,English,Vinhais,Legal,,false
871,Jean,Yatman,jyatmano6@trellian.com,Male,5/2/2019,Swedish,Hanamaki,Engineering,,false
872,Efrem,Kilbride,ekilbrideo7@pen.io,Male,6/11/2017,Swedish,Loma Bonita,Sales,,false
873,Hamnet,Walesa,hwalesao8@webeden.co.uk,Male,3/21/2017,English,Taizi,Research and Development,,false
874,Virgil,Maplesden,vmaplesdeno9@tamu.edu,Male,6/3/2016,Swedish,Memphis,Training,0.04,false
875,Tobias,Powe,tpoweoa@omniture.com,Male,6/13/2017,Swedish,Nankun,Services,0.38,false
876,Emilie,Mutimer,emutimerob@businesswire.com,Female,5/6/2017,English,Nzeto,Business Development,0.99,false
877,Alla,Knolles-Green,aknollesgreenoc@jiathis.com,Female,4/13/2016,German,Vojnić,Engineering,,false
878,Dwain,Leidl,dleidlod@cam.ac.uk,Male,7/28/2016,German,Konduga,Training,,false
879,Elisha,Libbis,elibbisoe@amazon.de,Male,2/19/2018,German,Mbandaka,Business Development,0.19,false
880,Annamarie,Swanwick,aswanwickof@joomla.org,Female,3/5/2017,German,Meijiang,Research and Development,,false
881,Haily,Fincke,hfinckeog@blogtalkradio.com,Female,5/14/2018,German,Kuala Lumpur,Human Resources,0.51,false
882,Alicia,Duxbury,aduxburyoh@scribd.com,Female,6/6/2019,German,Honglin,Engineering,,false
883,Emmanuel,Hayth,ehaythoi@cbc.ca,Male,7/3/2018,English,Langensari,Services,0.51,false
884,Conni,Pes,cpesoj@harvard.edu,Female,7/13/2019,English,Áyioi Apóstoloi,Product Management,,false
885,Anestassia,Roskilly,aroskillyok@sun.com,Female,3/25/2019,Swedish,Amvrosiyivka,Engineering,0.61,false
886,Jocelin,Siviour,jsiviourol@gmpg.org,Female,5/18/2018,Swedish,Khulo,Engineering,0.2,false
887,Anson,Papa,apapaom@nsw.gov.au,Male,11/30/2018,German,Urasqui,Business Development,0.9,false
888,Harley,Alkins,halkinson@ibm.com,Female,12/6/2018,English,Sheshan,Training,0.65,false
889,Latisha,Renfield,lrenfieldoo@whitehouse.gov,Female,6/3/2016,German,Cijengkol,Accounting,,false
890,Trent,Kordes,tkordesop@altervista.org,Male,9/18/2019,German,Ar Rumaythah,Sales,0.5,false
891,Radcliffe,Gilberthorpe,rgilberthorpeoq@cnet.com,Male,11/16/2016,German,Peterhof,Research and Development,,false
892,Ade,Bebb,abebbor@freewebs.com,Male,4/29/2016,Swedish,Dongping,Services,0.22,false
893,Emmalynn,Posselt,eposseltos@senate.gov,Female,2/18/2018,Swedish,Rosebank,Human Resources,,false
894,Bary,Batrick,bbatrickot@fda.gov,Male,2/10/2018,German,Helixi,Legal,,false
895,Niven,Arney,narneyou@topsy.com,Male,4/18/2016,German,Arroteia,Marketing,,false
896,Felipa,Serris,fserrisov@topsy.com,Female,5/8/2019,Swedish,Popovi,Training,,false
897,My,O'Dougherty,modoughertyow@about.com,Male,11/6/2016,German,Hengbanqiao,Legal,,false
898,Ernestus,Garthshore,egarthshoreox@tmall.com,Male,8/23/2018,English,Lampari,Services,0.62,false
899,Margeaux,Messager,mmessageroy@myspace.com,Female,7/29/2018,German,Alicia,Engineering,,false
900,Domenic,Crathern,dcrathernoz@hatena.ne.jp,Male,8/4/2017,Swedish,Banjar Banyuning Barat,Research and Development,,false
901,Gretchen,Annis,gannisp0@stumbleupon.com,Female,4/19/2016,German,Anningqu,Support,,false
902,Georgianna,McCorley,gmccorleyp1@shinystat.com,Female,1/8/2016,Swedish,Yiliu,Business Development,0.18,false
903,Ibrahim,Leckey,ileckeyp2@deviantart.com,Male,6/5/2017,German,Vani,Sales,0.35,false
904,Urbain,Robion,urobionp3@yelp.com,Male,11/24/2016,English,Helvecia,Business Development,,false
905,Frederich,McCrow,fmccrowp4@etsy.com,Male,9/14/2019,German,Bindura,Research and Development,0.16,false
906,Meryl,Blackaller,mblackallerp5@netscape.com,Female,6/4/2017,German,Fussa,Research and Development,,false
907,Miguelita,Skyrm,mskyrmp6@alibaba.com,Female,4/21/2017,English,Haurpanggung,Research and Development,0.02,false
908,Shelton,Tomley,stomleyp7@skype.com,Male,7/7/2019,English,Inashiki,Training,,false
909,Roi,Baldam,rbaldamp8@ehow.com,Male,2/18/2016,Swedish,Kokembang,Accounting,,false
910,Caron,Guilfoyle,cguilfoylep9@java.com,Female,9/15/2019,Swedish,Lac-Brome,Engineering,,false
911,Hervey,Lofting,hloftingpa@mapy.cz,Male,12/15/2018,Swedish,Simunul,Support,,false
912,Karney,Dally,kdallypb@europa.eu,Male,12/8/2016,English,Orong,Legal,,false
913,Adena,Quilligan,aquilliganpc@moonfruit.com,Female,5/23/2016,English,Loandjili,Support,0.18,false
914,Aarika,Batterbee,abatterbeepd@wix.com,Female,4/19/2016,Swedish,Salinas,Product Management,,false
915,Stan,Delafoy,sdelafoype@posterous.com,Male,6/17/2018,Swedish,Algarrobo,Training,,false
916,Aurlie,Fox,afoxpf@instagram.com,Female,9/29/2017,German,Gielniów,Human Resources,,false
917,Sybilla,Soppit,ssoppitpg@deliciousdays.com,Female,11/13/2017,English,Ciganaria,Services,,false
918,Yankee,Boschmann,yboschmannph@feedburner.com,Male,8/6/2018,Swedish,Dolores,Product Management,,false
919,Feliza,Giacoppoli,fgiacoppolipi@google.com.br,Female,5/17/2016,German,Côn Sơn,Services,,false
920,Rodi,Yurchishin,ryurchishinpj@independent.co.uk,Female,7/31/2019,English,Akademicheskoe,Product Management,,false
921,Morissa,Foyster,mfoysterpk@cbc.ca,Female,2/3/2016,Swedish,Lunao,Sales,,false
922,Vance,Fulun,vfulunpl@myspace.com,Male,3/12/2017,Swedish,Xiaoduchuan,Research and Development,0.88,false
923,Bernarr,Dovermann,bdovermannpm@aboutads.info,Male,9/5/2018,German,Cortiçóis,Business Development,,false
924,Adda,Paff,apaffpn@skype.com,Female,9/11/2019,Swedish,Shenshan,Legal,,false
925,Lock,Derby,lderbypo@intel.com,Male,4/15/2017,German,Binjiang,Training,0.38,false
926,Peter,O'Mailey,pomaileypp@imgur.com,Male,11/17/2018,Swedish,Changxuanling,Research and Development,,false
927,Putnam,Grishunin,pgrishuninpq@tiny.cc,Male,2/14/2016,English,Philipsburg,Legal,0.45,false
928,Antonina,Duck,aduckpr@howstuffworks.com,Female,7/15/2016,German,Daqiao,Services,,false
929,Milicent,Shitliffe,mshitliffeps@joomla.org,Female,2/28/2019,English,Jiangdianzi,Business Development,,false
930,Johnathan,Le Brun,jlebrunpt@skyrock.com,Male,5/5/2018,Swedish,Yelabuga,Business Development,0.39,false
931,Dolf,Gotliffe,dgotliffepu@weebly.com,Male,6/15/2018,Swedish,Parengan,Legal,,false
932,Donalt,Grandisson,dgrandissonpv@buzzfeed.com,Male,8/28/2017,Swedish,Chambas,Business Development,0.41,false
933,Kellie,Bikker,kbikkerpw@illinois.edu,Female,10/3/2016,German,San Antonio,Training,,false
934,Willetta,Wilkowski,wwilkowskipx@domainmarket.com,Female,8/20/2016,German,Kadurahayu,Legal,,false
935,Matthieu,Ferrarin,mferrarinpy@symantec.com,Male,10/1/2019,Swedish,Gaoxiang,Marketing,,false
936,Salvador,Jakubowski,sjakubowskipz@usgs.gov,Male,5/3/2016,Swedish,Banzhong,Product Management,,false
937,Cilka,Wandtke,cwandtkeq0@hugedomains.com,Female,10/16/2018,English,Xiaomenjia,Business Development,0.24,false
938,Jedd,Mills,jmillsq1@npr.org,Male,1/22/2017,Swedish,Perosinho,Marketing,,false
939,Arty,Forber,aforberq2@cafepress.com,Male,3/16/2018,English,Omsukchan,Business Development,0.29,false
940,Meagan,Ekell,mekellq3@sina.com.cn,Female,7/26/2017,English,Gaborone,Product Management,,false
941,Gradey,Cubbon,gcubbonq4@domainmarket.com,Male,7/27/2016,Swedish,Nggelok,Legal,,false
942,Gertrud,Cranham,gcranhamq5@xrea.com,Female,8/23/2017,Swedish,El Limon,Marketing,0.58,false
943,Janel,McVanamy,jmcvanamyq6@sina.com.cn,Female,11/6/2018,Swedish,Hake,Accounting,,false
944,Basil,Gisburn,bgisburnq7@archive.org,Male,6/4/2016,English,Coaraci,Engineering,,false
945,Torrin,Ludwikiewicz,tludwikiewiczq8@fema.gov,Male,6/26/2019,Swedish,La Romana,Sales,0.94,false
946,Donnell,Lunge,dlungeq9@jimdo.com,Male,12/16/2018,English,Muzayri‘,Marketing,,false
947,Margarethe,Shadrach,mshadrachqa@discovery.com,Female,8/22/2019,Swedish,Luozhuang,Research and Development,0.94,false
948,Kathleen,Pikhno,kpikhnoqb@deviantart.com,Female,1/6/2017,Swedish,Xinjiang,Services,,false
949,Ky,Rainsbury,krainsburyqc@example.com,Male,9/22/2017,Swedish,Longyuanba,Business Development,0.69,false
950,Ingunna,Cleaveland,icleavelandqd@sun.com,Female,5/27/2018,Swedish,Rama,Marketing,,false
951,Juditha,Lile,jlileqe@slashdot.org,Female,11/2/2016,German,Dolní Libina,Engineering,,false
952,Waylan,Cuvley,wcuvleyqf@reverbnation.com,Male,5/25/2019,English,Tanglag,Training,0.52,false
953,Pepe,Hanretty,phanrettyqg@nbcnews.com,Male,8/11/2016,German,Vredenburg,Accounting,,false
954,Elyssa,Pomphrett,epomphrettqh@linkedin.com,Female,1/28/2016,Swedish,Reims,Research and Development,,false
955,Shawna,Beverstock,sbeverstockqi@springer.com,Female,9/4/2019,Swedish,Ristinummi,Marketing,0.53,false
956,Olav,Grieger,ogriegerqj@github.io,Male,12/28/2018,English,Winnica,Business Development,0.88,false
957,Elizabet,O'Connor,eoconnorqk@sun.com,Female,3/18/2016,Swedish,Sagasa,Marketing,,false
958,Ritchie,Prestland,rprestlandql@pen.io,Male,2/10/2018,German,Yelenendorf,Research and Development,,false
959,Leontine,Rowledge,lrowledgeqm@amazonaws.com,Female,9/5/2018,English,Bystřany,Engineering,0.43,false
960,Byron,Kohneke,bkohnekeqn@instagram.com,Male,10/25/2017,English,Qiucun,Human Resources,,false
961,Anette,Caudrelier,acaudrelierqo@senate.gov,Female,8/19/2016,Swedish,Olival Basto,Accounting,,false
962,Conroy,Grise,cgriseqp@exblog.jp,Male,6/8/2018,German,Al ‘Awjā,Training,,false
963,Feliks,Neaves,fneavesqq@amazonaws.com,Male,6/25/2017,Swedish,Fushë-Bulqizë,Training,0.07,false
964,Salim,Wybern,swybernqr@msn.com,Male,5/8/2016,Swedish,São Pedro da Aldeia,Marketing,0.0,false
965,Josh,Uzzell,juzzellqs@yelp.com,Male,12/8/2016,Swedish,Orvalho,Engineering,,false
966,Petronia,Taft,ptaftqt@zimbio.com,Female,11/14/2018,English,Xinshi,Legal,,false
967,Hilly,Pietron,hpietronqu@slideshare.net,Male,7/24/2019,English,Longxing,Human Resources,,false
968,Greggory,Blainey,gblaineyqv@quantcast.com,Male,11/28/2018,German,Chipaque,Human Resources,,false
969,Fonsie,Astle,fastleqw@dailymotion.com,Male,10/30/2016,Swedish,Bălţi,Engineering,0.02,false
970,Sophie,Sivess,ssivessqx@prlog.org,Female,11/14/2017,Swedish,Farriar,Product Management,,false
971,Jordon,Pogg,jpoggqy@senate.gov,Male,7/18/2017,German,Bebandem,Marketing,,false
972,Chaim,Botly,cbotlyqz@sbwire.com,Male,12/13/2017,English,Çalxanqala,Human Resources,,false
973,Osmund,Mitkcov,omitkcovr0@4shared.com,Male,3/28/2019,English,Shouxihu,Legal,0.04,false
974,Chancey,Stopp,cstoppr1@networksolutions.com,Male,8/5/2019,Swedish,Biała Piska,Business Development,,false
975,Banky,Edghinn,bedghinnr2@who.int,Male,9/1/2017,English,Solomenskoye,Marketing,,false
976,Torry,Dillon,tdillonr3@salon.com,Male,8/9/2019,Swedish,Feicheng,Research and Development,0.86,false
977,Tye,O' Donohoe,todonohoer4@umn.edu,Male,5/17/2017,German,Gambo,Human Resources,,false
978,Gabriello,Mc Elory,gmceloryr5@cbslocal.com,Male,2/13/2019,German,Pushkino,Support,0.25,false
979,Zared,Cansdale,zcansdaler6@loc.gov,Male,5/9/2018,German,Berezovo,Engineering,,false
980,Rurik,Okill,rokillr7@prnewswire.com,Male,11/24/2018,Swedish,Cianorte,Marketing,,false
981,Vanna,Screeton,vscreetonr8@npr.org,Female,3/23/2016,German,Santa Teresita,Human Resources,0.82,false
982,Reynold,Hendin,rhendinr9@4shared.com,Male,9/7/2018,Swedish,Shatian,Training,,false
983,Gregorius,Flannigan,gflanniganra@oakley.com,Male,11/26/2017,English,Rasony,Research and Development,0.51,false
984,Bobbette,Cardenoso,bcardenosorb@exblog.jp,Female,7/11/2017,English,Terek,Training,0.53,false
985,Tyler,Rown,trownrc@who.int,Male,12/22/2018,German,Xinchengzi,Services,,false
986,Sindee,Ledur,sledurrd@mtv.com,Female,2/1/2016,German,Brive-la-Gaillarde,Legal,0.12,false
987,Antonie,Laste,alastere@walmart.com,Female,9/30/2018,English,Nantes,Training,,false
988,Wallie,Blaber,wblaberrf@ed.gov,Male,5/13/2017,English,Bratislava,Human Resources,,false
989,Burton,Mucillo,bmucillorg@noaa.gov,Male,5/30/2017,English,Karibib,Research and Development,0.04,false
990,Fitzgerald,Oxnam,foxnamrh@friendfeed.com,Male,3/25/2016,English,Huaiya,Human Resources,,false
991,Alena,Procter,aprocterri@usatoday.com,Female,6/29/2018,Swedish,Longping,Engineering,,false
992,Leoine,Slad,lsladrj@msu.edu,Female,2/29/2016,English,Communal,Marketing,,false
993,Elias,Fonzone,efonzonerk@addtoany.com,Male,9/4/2017,German,Quxia,Services,0.63,false
994,Baxie,Kendrew,bkendrewrl@google.nl,Male,12/19/2017,English,Yelizavetinskaya,Human Resources,0.42,false
995,Jack,Durbin,jdurbinrm@slate.com,Male,8/19/2018,English,Nyrob,Human Resources,0.89,false
996,Hettie,O'Downe,hodownern@buzzfeed.com,Female,7/14/2019,Swedish,Kruty,Engineering,0.64,false
997,Jordon,Bassford,jbassfordro@marketwatch.com,Male,9/20/2018,Swedish,Oumé,Product Management,,false
998,Fielding,Messitt,fmessittrp@google.pl,Male,8/10/2018,English,Macheng,Business Development,0.4,false
999,Milli,Horsley,mhorsleyrq@diigo.com,Female,1/16/2016,German,Suwon-si,Legal,0.66,false
1000,Galen,Cowdrey,gcowdreyrr@cpanel.net,Male,4/14/2019,German,Ulricehamn,Sales,,false
